# {"t_start": 1591415659.223302, "env_id": "Block2D-v1"} 
r,l,t
-61.39703,93,241.354407
-65.311565,96,242.464195
-66.418111,97,259.880439
-63.15539,95,260.368517
-65.340643,99,261.747765
-64.094319,95,261.969468
-67.279304,98,262.995254
-65.399635,97,279.735858
-67.174429,98,280.373024
-67.065701,99,281.084428
-69.407878,99,281.457039
-68.195094,98,281.705036
-63.194958,95,282.345329
-67.148769,99,282.391595
-66.12597,98,282.866213
-58.655814,91,299.586459
-68.574271,99,300.621413
-64.425377,96,300.799275
-66.476804,98,301.155535
-68.488928,99,301.60067
-61.070885,95,301.688993
-66.073179,97,301.734908
-68.106824,98,302.001287
-68.020899,100,302.840188
-62.485548,93,302.925155
-63.86254,98,319.403527
-62.268524,95,319.447272
-63.705309,95,319.57954
-65.740592,97,319.84501
-68.241549,98,319.93351
-66.431487,98,319.977476
-59.213857,93,320.446882
-66.535314,96,320.613555
-65.784323,99,320.781937
-67.968813,97,320.864278
-60.017987,92,320.98927
-66.054605,97,321.252576
-69.389014,100,321.342054
-63.716362,96,321.515132
-66.199868,99,321.560197
-66.208814,99,321.736387
-65.555725,96,321.866678
-67.441059,98,322.129106
-64.8482,95,322.393687
-63.996149,95,322.480283
-64.5358,95,322.524094
-66.953247,97,322.701803
-68.656653,101,339.391362
-67.674837,97,339.434319
-61.441311,95,339.655602
-66.137233,99,339.747273
-62.266952,95,339.791167
-66.501049,99,340.01524
-65.747493,99,340.193073
-64.470575,98,340.238436
-61.101269,94,340.50233
-58.404854,92,340.634332
-66.387212,99,340.681987
-68.377558,99,340.726897
-67.607518,99,340.860668
-70.238535,100,340.90545
-69.285762,98,341.081963
-64.482244,96,341.215861
-67.758656,100,341.396183
-61.885415,96,341.482888
-65.040511,97,341.528351
-65.8972,100,341.574948
-67.354816,99,341.929789
-65.230882,96,342.018932
-72.049182,100,342.289841
-63.969473,97,342.466447
-63.867477,95,342.688375
-69.30349,100,342.82453
-66.60527,98,359.394358
-65.942189,98,359.526158
-67.733228,99,359.570324
-64.705637,96,359.655957
-63.976519,95,359.699556
-63.771253,100,359.74677
-60.484046,95,359.963771
-66.023302,97,360.052234
-64.535702,97,360.09624
-65.901005,97,360.140228
-63.390144,97,360.229277
-63.583464,96,360.317039
-67.905295,100,360.363206
-62.889132,96,360.405765
-59.388724,93,360.448515
-62.184113,94,360.71121
-57.633762,91,360.841069
-66.215928,100,360.888452
-64.294766,97,360.930729
-61.238209,95,360.973436
-62.494589,95,361.18191
-59.707943,93,361.268332
-58.309648,92,361.311881
-66.889397,98,361.535048
-62.59463,96,361.577104
-59.711153,92,361.69996
-60.2727,94,361.743662
-66.687704,99,361.787406
-64.9124,95,361.951984
-59.606225,92,361.992359
-63.882217,96,362.202325
-61.011517,96,362.245819
-63.108768,95,362.287004
-66.025358,97,362.3295
-60.221248,93,362.494277
-59.035798,92,362.535317
-66.908853,99,362.58011
-66.120725,98,362.62108
-66.706485,98,379.247893
-55.109019,88,379.288574
-64.099729,97,379.337377
-63.745308,99,379.383448
-60.803368,94,379.470251
-62.781209,98,379.560143
-60.407025,94,379.648173
-63.133562,96,379.738186
-56.391016,91,379.825402
-58.563095,94,379.915145
-55.182174,89,380.001498
-59.247423,92,380.047385
-65.479962,99,380.094979
-64.16279,98,380.183283
-59.895173,94,380.271243
-57.125926,91,380.314353
-62.182957,93,380.573887
-66.253711,97,380.660272
-57.884274,92,380.700409
-62.115344,93,380.743486
-58.124147,91,380.911965
-63.235453,96,380.95598
-65.314354,96,380.998326
-63.68782,97,381.041068
-56.049356,90,381.08077
-62.9836,95,381.209949
-63.306228,98,381.254787
-61.126997,94,381.295729
-56.837929,92,381.463043
-67.987693,100,381.508852
-67.579616,99,381.550643
-57.255135,90,381.591168
-62.591285,96,381.637876
-65.646998,98,381.682674
-56.903105,91,381.723289
-61.340363,95,381.813335
-58.108094,90,381.854804
-61.297291,93,381.987613
-63.309157,96,382.032984
-68.837151,100,382.122716
-61.253214,94,382.207245
-61.809914,92,382.251911
-65.246983,100,382.299896
-64.374049,97,382.386056
-62.454081,94,382.428497
-64.315584,97,382.473869
-64.243092,97,382.561647
-57.815013,91,382.643744
-63.806161,97,382.687523
-59.267513,92,399.095612
-55.842595,88,399.138401
-65.057164,97,399.186851
-66.129618,99,399.232975
-60.133026,95,399.322058
-64.864634,97,399.458428
-59.486356,92,399.544526
-63.214182,95,399.590239
-66.136916,100,399.637429
-59.779978,94,399.722771
-55.25582,89,399.855902
-54.718911,89,399.900738
-53.03856,87,399.94452
-55.580617,90,399.98992
-57.842948,93,400.035988
-64.58445,98,400.082451
-57.458704,91,400.167229
-57.732471,91,400.211916
-55.264824,89,400.256148
-60.457316,94,400.303014
-63.750927,96,400.349217
-67.366593,97,400.395018
-55.475259,90,400.522517
-56.132116,90,400.564381
-59.546383,93,400.607719
-54.002656,90,400.648739
-61.211215,94,400.734636
-59.139309,92,400.778209
-62.871545,97,400.825668
-65.656439,98,400.917445
-54.927822,90,400.957962
-57.633123,90,401.046057
-60.629498,93,401.09172
-66.167762,97,401.137953
-60.806844,93,401.225805
-64.266381,99,401.318718
-56.239399,91,401.35965
-62.514692,97,401.406869
-54.648867,89,401.447664
-64.48125,97,401.540592
-56.621452,90,401.581914
-54.627151,87,401.713978
-57.347615,91,401.759977
-57.839233,91,401.929603
-62.331359,96,401.974755
-61.60471,95,402.144597
-55.960706,89,402.227351
-64.964522,97,402.274006
-67.294672,100,402.318207
-57.639992,91,402.357095
-61.17018,92,402.400569
-54.043803,89,402.441639
-64.837049,97,402.48701
-58.884967,94,402.528263
-58.411661,93,402.569856
-61.54477,95,418.7277
-63.897278,96,418.820039
-59.335761,93,418.863719
-67.389387,99,418.911473
-60.916964,95,418.999323
-53.612748,88,419.040631
-66.155617,98,419.13407
-57.049268,90,419.175479
-56.662844,91,419.266192
-67.064236,100,419.316652
-67.981279,99,419.360751
-58.734812,92,419.402436
-59.304812,95,419.492634
-63.464198,96,419.537556
-59.069455,93,419.580621
-54.715244,89,419.623426
-54.009313,90,419.668241
-53.033117,87,419.711267
-67.551372,100,419.762022
-58.450961,92,419.849483
-61.883466,94,419.895424
-57.11073,91,419.938956
-54.910307,90,420.027313
-56.500353,91,420.116969
-56.642856,91,420.161082
-58.486741,91,420.205486
-57.035158,90,420.250808
-54.784396,89,420.295763
-64.82129,97,420.343916
-55.78859,91,420.385496
-66.984052,99,420.477043
-57.994755,92,420.518728
-55.523511,90,420.561999
-60.168733,92,420.607283
-60.282329,93,420.697051
-58.493035,91,420.740225
-57.710779,92,420.786008
-63.233143,94,420.831792
-62.517414,96,420.876944
-57.080282,91,420.963763
-55.731584,90,421.00815
-57.116266,92,421.052923
-59.664606,93,421.09741
-59.416079,94,421.141806
-54.934064,89,421.183694
-53.682543,88,421.229927
-57.552925,91,421.27622
-59.169534,93,421.322003
-53.008569,88,421.451138
-68.511166,98,421.499192
-57.267089,93,421.541475
-55.248033,89,421.583768
-57.645484,90,421.628162
-60.408365,94,421.673834
-59.417242,92,421.717467
-54.871089,88,421.759723
-65.659068,95,421.80805
-58.005914,92,421.850533
-60.449271,95,421.895718
-62.77376,97,421.940651
-59.969837,93,422.158097
-54.009838,88,438.543625
-60.179424,94,438.589703
-58.504626,91,438.630472
-55.413175,90,438.672314
-59.609071,92,438.714989
-52.627559,88,438.755889
-63.457173,97,438.80353
-61.140532,94,438.844926
-62.08919,91,438.885667
-58.915601,92,438.970973
-53.85678,88,439.011238
-52.412848,86,439.052381
-56.523385,88,439.095171
-52.387921,86,439.178453
-50.413876,86,439.220478
-61.279357,96,439.267319
-53.525875,87,439.349153
-58.727495,91,439.393188
-57.586625,92,439.478006
-56.915801,92,439.520083
-54.382005,90,439.561372
-59.045843,93,439.60459
-56.814149,89,439.687301
-53.319549,88,439.771804
-53.572618,86,439.814375
-54.536026,89,439.899985
-57.670764,90,439.942609
-58.972476,91,439.985191
-55.356845,90,440.026946
-57.404193,91,440.069695
-63.699374,94,440.113092
-58.4253,92,440.251143
-66.270256,97,440.389774
-55.868578,91,440.431655
-56.575179,90,440.475674
-66.110976,99,440.523668
-57.892047,92,440.564981
-61.486513,94,440.610147
-55.238321,89,440.65199
-53.673549,89,440.740211
-57.808804,91,440.785645
-58.532478,91,440.830451
-59.568031,93,440.875981
-59.948302,93,441.009095
-60.173545,94,441.053908
-55.14146,88,441.095541
-58.883921,93,441.141461
-56.775564,90,441.184437
-57.515264,92,441.230516
-52.796226,87,441.272505
-54.721497,89,441.318386
-57.37908,92,441.36438
-62.199117,96,441.410616
-65.722865,100,441.456537
-55.20319,90,441.495307
-63.003292,97,441.539962
-59.759325,92,441.579478
-58.896385,91,441.620854
-61.175189,94,441.663789
-54.71203,89,441.703165
-55.495946,88,441.745117
-60.435498,93,441.788977
-62.073415,93,441.83213
-62.072648,97,441.875898
-62.322006,95,441.917168
-53.342812,87,441.955812
-56.701178,90,458.279141
-67.764959,100,458.413907
-57.292422,87,458.449885
-52.641116,88,458.533061
-59.221107,94,458.618426
-62.33271,98,458.662146
-55.335058,89,458.699916
-53.889924,89,458.741828
-53.110449,87,458.782587
-58.923142,91,458.826079
-53.251758,89,458.90855
-58.898137,92,458.951254
-55.574224,91,458.992377
-60.981024,93,459.034738
-67.321721,96,459.077268
-53.943967,89,459.115622
-53.273997,88,459.158209
-55.69916,92,459.203692
-59.213996,92,459.247262
-60.040092,94,459.291753
-56.854902,90,459.333702
-58.623987,90,459.377859
-57.249873,93,459.466435
-57.024323,92,459.509409
-60.861086,95,459.554212
-55.38411,90,459.595271
-57.717785,92,459.640076
-55.13735,90,459.683067
-66.520718,96,459.729013
-62.557605,94,459.77163
-56.678703,90,459.857403
-60.181376,95,459.903123
-53.930497,87,459.943077
-56.750708,90,460.031361
-60.650149,93,460.076156
-61.297377,95,460.120477
-56.095678,91,460.162655
-58.280686,90,460.205757
-60.398926,94,460.251572
-55.542092,89,460.38042
-59.388686,90,460.42309
-59.142742,92,460.506426
-58.164453,92,460.547694
-64.991408,96,460.590641
-0.764994,41,460.609355
-54.468298,89,460.670679
-56.213181,91,460.712668
-62.56614,96,460.799103
-50.150962,86,460.920987
-64.180577,96,460.966475
-63.76306,98,461.009043
-51.96121,88,461.046888
-60.845267,95,461.093202
-60.078685,94,461.136081
-57.081252,91,461.178139
-56.161732,90,461.265372
-57.789064,92,461.354417
-59.12095,94,461.399055
-61.772039,95,461.440954
-59.662016,92,461.481081
-63.644985,97,461.524751
-56.006432,88,461.562671
-55.673013,90,461.60507
-52.087243,87,461.64536
-65.860728,94,478.170962
-55.335906,88,478.212581
-66.323498,97,478.260444
-50.140209,84,478.29871
-59.944106,93,478.347203
-53.504413,89,478.389826
-61.295836,90,478.4342
-51.101639,85,478.516979
-62.186665,94,478.645467
-64.461251,94,478.68727
-65.044114,98,478.730707
-59.651237,93,478.770843
-58.934714,93,478.812715
-59.891689,94,478.855538
-54.822386,88,478.894949
-62.411558,95,478.939282
-60.075978,92,478.979781
-54.853783,88,479.019843
-63.748273,98,479.065652
-59.738865,94,479.105744
-64.365869,97,479.148584
-65.640603,98,479.190464
-66.014359,98,479.232183
-55.619078,90,479.271021
-59.006017,93,479.313637
-59.152419,94,479.35616
-52.227965,87,479.395361
-51.095385,85,479.436102
-58.319723,91,479.479952
-56.98556,91,479.521982
-63.584286,97,479.566468
-56.692393,91,479.605757
-61.068209,93,479.648147
-50.481098,85,479.686375
-53.57813,89,479.729384
-58.164599,90,479.771615
-65.821113,97,479.816559
-66.244058,97,479.859053
-1.960463,42,479.877932
-61.246862,96,479.941936
-57.174331,90,479.981052
-60.442005,93,480.023974
-57.584587,91,480.065244
-55.409617,90,480.106432
-63.306694,96,480.150234
-59.205075,93,480.190595
-55.40475,88,480.230026
-57.066215,91,480.273151
-61.171787,95,480.316618
-61.305535,94,480.359376
-63.712266,95,480.401844
-60.269894,95,480.443229
-51.334238,85,480.480602
-56.864836,90,480.524058
-61.585605,96,480.56836
-54.590966,88,480.607011
-61.383931,96,480.651851
-55.418838,90,480.690996
-61.991359,95,480.734805
-54.526764,89,480.77419
-61.689463,94,480.817787
-63.386212,94,480.860387
-65.083139,95,480.902953
-59.338598,92,480.943336
-62.574621,94,480.985798
-66.204885,97,481.02906
-61.401361,94,481.069845
-53.936216,89,481.151045
-61.32999,95,481.195264
-55.740708,90,481.23489
-64.318865,95,481.27876
-62.466711,95,481.320402
-60.52552,95,481.362953
-57.461974,90,481.402823
-61.446409,94,481.445806
-61.262303,93,481.486923
-55.332358,89,497.924124
-58.980193,93,497.970289
-53.325174,88,498.011959
-54.67891,87,498.05619
-55.235079,89,498.102258
-58.828057,92,498.147811
-66.858257,97,498.194328
-50.274399,84,498.233301
-56.340804,88,498.279411
-56.439023,88,498.324236
-51.517568,83,498.410949
-59.373749,90,498.458471
-54.388786,88,498.545144
-59.631862,91,498.590487
-3.923608,43,498.613445
-55.671023,89,498.676814
-64.960214,96,498.723918
-59.178972,90,498.766382
-61.754285,94,498.856161
-56.649438,89,498.89903
-58.117156,91,498.945184
-54.436405,88,498.989103
-55.101414,88,499.033314
-54.283748,87,499.077497
-57.202509,91,499.123165
-58.101405,92,499.168091
-58.268953,92,499.212256
-8.205607,44,499.235099
-58.796804,93,499.300463
-57.254183,91,499.343207
-57.529484,90,499.387467
-51.735229,86,499.430438
-53.26785,88,499.47531
-54.820249,88,499.519141
-60.988473,95,499.565693
-4.665775,44,499.587043
-54.426155,88,499.648657
-59.459623,92,499.691713
-59.980881,92,499.733374
-60.250723,93,499.775813
-60.671918,93,499.818475
-55.256419,90,499.902219
-54.700658,87,499.983991
-56.795559,91,500.027068
-54.569364,89,500.068367
-60.883475,95,500.112859
-65.184596,97,500.155386
-57.660612,90,500.194658
-61.941643,95,500.238657
-61.562158,96,500.280973
-58.741372,91,500.320984
-65.65764,99,500.367011
-57.105545,91,500.406286
-56.903955,88,500.48955
-52.89439,88,500.531673
-56.096413,91,500.574889
-46.817268,82,500.613281
-54.811094,88,500.657461
-54.761337,90,500.700028
-70.06062,95,500.744184
-54.509865,89,500.785309
-53.776364,87,500.872942
-55.549018,89,500.918903
-58.666903,91,500.964598
-54.688907,89,501.008165
-56.27776,90,501.052566
-57.339316,93,501.098346
-54.124174,89,501.140796
-59.149214,93,501.230782
-56.031716,90,501.274108
-55.387011,89,501.317703
-58.255572,92,501.364012
-49.701598,85,517.856418
-59.659697,93,517.905386
-64.756753,98,517.952605
-59.964166,93,517.994817
-52.464342,88,518.03701
-57.514283,94,518.084067
-59.430281,92,518.127179
-59.876878,92,518.171039
-59.675774,93,518.215926
-7.431016,45,518.238916
-63.117808,94,518.30395
-56.559107,89,518.345406
-53.959985,88,518.389824
-59.292206,93,518.43573
-58.445567,93,518.479324
-58.270564,93,518.522824
-57.255206,90,518.566103
-59.775508,94,518.611654
-59.590731,94,518.656367
-53.312724,88,518.697329
-52.908023,87,518.741015
-62.046662,96,518.789108
-55.665276,90,518.830822
-50.403125,85,518.872948
-57.14143,92,518.920238
-55.291752,88,518.962319
-54.199534,89,519.006537
-56.759891,90,519.051151
-58.506391,90,519.095177
-56.152179,89,519.138575
-54.92772,90,519.18314
-59.494997,94,519.228604
-59.391549,93,519.27248
-58.951796,92,519.359282
-65.322585,98,519.406424
-3.373315,43,519.426332
-22.088101,59,519.476808
-57.822238,93,519.535233
-58.988482,92,519.57847
-55.419417,90,519.665365
-58.477652,90,519.70891
-62.826665,96,519.755923
-61.777638,94,519.799378
-58.451816,93,519.842581
-50.216935,86,519.883709
-59.41596,92,519.930409
-59.991923,92,519.974367
-64.192119,95,520.019137
-65.779556,99,520.064854
-65.015137,99,520.109278
-67.467623,97,520.15249
-58.951146,92,520.194207
-52.767743,87,520.235692
-50.226561,84,520.277903
-57.487071,92,520.324992
-55.704252,89,520.367401
-58.382685,92,520.41295
-48.631698,85,520.454161
-0.796873,42,520.478906
-9.162967,45,520.498288
-56.104248,90,520.543571
-63.279892,94,520.588876
-54.849489,90,520.631778
-59.444248,94,520.677883
-53.479928,89,520.719556
-60.227249,94,520.766269
-61.902373,96,520.811534
-1.605363,42,520.83207
-56.948318,93,520.899062
-60.58653,92,520.943342
-49.577348,84,520.984386
-54.826871,88,521.075166
-61.665465,94,521.121536
-58.979969,93,521.164978
-52.622685,87,521.206284
-58.097445,91,521.251463
-52.924466,87,521.292097
-60.055348,94,521.33666
-61.028191,95,537.901402
-59.103717,92,537.944741
-61.402582,95,537.99033
-53.622741,89,538.031409
-45.703646,83,538.073505
-55.502562,88,538.119499
-58.976017,93,538.16679
-58.89292,92,538.211418
-54.648003,90,538.25591
-50.108597,85,538.298602
-55.26253,88,538.344274
-53.411312,88,538.389014
-56.219916,91,538.435842
-42.873381,79,538.475156
-52.207374,88,538.523811
-1.909113,41,538.547285
-56.675173,91,538.613844
-4.604289,44,538.637102
-51.4278,86,538.699716
-3.695692,42,538.724369
-55.244681,90,538.790715
-62.482728,98,538.838746
-54.032892,88,538.87909
-59.220559,94,538.926923
-56.537601,92,538.970407
-59.899372,92,539.014824
-55.916538,91,539.058602
-61.60017,96,539.105692
-59.621304,92,539.148651
-53.198398,87,539.190816
-54.223736,88,539.235656
-53.710751,90,539.281586
-62.34938,96,539.328691
-56.497865,89,539.370103
-60.996701,94,539.417588
-4.304374,43,539.484176
-54.113471,89,539.548544
-52.132699,89,539.593049
-49.926025,85,539.635402
-55.903707,89,539.681938
-59.32861,92,539.72767
-52.739394,87,539.770155
-55.054905,90,539.815768
-54.974383,90,539.860138
-56.115613,90,539.905175
-61.740501,94,539.95222
-61.280198,95,539.997023
-5.466195,43,540.01838
-55.860391,90,540.083498
-58.119655,92,540.128574
-65.181553,97,540.175374
-55.071243,89,540.216127
-4.047333,43,540.239825
-59.474174,95,540.308092
-58.796631,92,540.351351
-50.609861,85,540.392602
-59.99201,91,540.440766
-56.707214,91,540.484909
-57.082111,91,540.529052
-61.887963,96,540.575368
-57.31251,92,540.617819
-55.798782,91,540.661543
-57.770551,91,540.70544
-54.606678,87,540.748066
-4.515722,43,540.817485
-56.160347,89,540.881849
-3.168085,43,540.906389
-57.357862,90,540.971638
-58.932766,92,541.01661
-57.596389,93,541.061579
-51.079886,85,541.102286
-54.239901,88,541.147895
-62.879125,98,541.197034
-48.787291,83,541.234792
-56.482319,91,541.284222
-54.552514,89,541.327707
-51.278975,85,541.370524
-52.178561,87,557.951709
-51.735676,86,557.996164
-3.001077,43,558.020789
-3.658515,42,558.063962
-5.868811,46,558.084253
-49.253401,84,558.126099
-56.132165,91,558.172648
-56.201371,90,558.216055
-54.513721,88,558.259218
-1.170444,42,558.282906
-55.023912,90,558.347324
-59.546145,92,558.392097
-54.266962,88,558.434926
0.465973,41,558.458778
-2.68004,43,558.477397
-57.040738,92,558.524495
-52.356612,88,558.567258
-53.169077,88,558.612062
-56.032915,91,558.657102
-50.486655,84,558.697446
-51.707878,88,558.742754
-54.375827,89,558.787698
-47.663486,83,558.829453
-60.069046,94,558.878183
-55.553763,90,558.920612
-55.464923,89,558.965395
-54.077066,88,559.053106
-65.566719,99,559.10237
-49.492937,84,559.139579
-51.120652,88,559.185055
-63.867531,98,559.233027
-57.573887,91,559.274384
-52.167484,86,559.316269
-50.58649,86,559.359763
-62.917049,95,559.4075
-56.382805,90,559.449989
-51.086056,86,559.492543
-54.189814,89,559.537807
-63.236478,97,559.584682
-20.253716,61,559.612641
-57.964702,92,559.668987
-48.772301,85,559.709794
-61.809878,97,559.759195
-53.025667,87,559.799237
-7.284644,44,559.867587
-48.49134,84,559.929507
-47.494378,84,559.974418
-57.502769,91,560.021433
-1.942446,42,560.044178
-6.876525,44,560.089169
-52.825275,88,560.152076
-51.211968,86,560.195182
-54.787734,89,560.283806
-52.816298,85,560.32556
-59.826141,94,560.372923
-4.590728,43,560.394767
-57.018441,92,560.460664
-62.475486,95,560.505881
-52.752752,88,560.546531
-55.923801,91,560.591833
-50.18368,85,560.63315
-1.947891,42,560.657851
-53.121218,85,560.720317
-1.579808,42,560.745297
-5.91911,43,560.764372
-57.799819,91,560.810526
-55.969656,88,560.8528
-56.115165,92,560.898537
-15.314198,53,560.925932
-1.251043,41,560.944114
-50.291688,85,560.984522
-57.741427,91,561.030887
-57.61206,89,561.073834
-50.773205,85,561.115574
-58.921065,92,561.161835
-45.997599,81,561.244808
-52.115126,85,561.290721
-1.931244,42,561.315755
-3.78459,42,561.334127
-48.385541,84,561.378295
-53.562725,88,561.424079
-53.338462,88,577.933981
-58.243612,90,577.979677
-56.497494,91,578.024418
-55.204459,90,578.069745
-56.283201,90,578.115251
-1.042582,41,578.137901
-3.176558,44,578.18367
-2.851649,42,578.202366
-49.150621,82,578.245519
-5.589129,43,578.272685
-53.437566,88,578.337445
-4.171323,43,578.361704
-56.186213,91,578.427296
-3.672871,43,578.450628
-4.931456,43,578.469578
-9.68467,48,578.496853
-56.953274,91,578.560163
-53.67063,89,578.603517
-63.271949,95,578.649318
-46.725851,83,578.686219
-57.130303,91,578.731338
-57.468068,91,578.77439
-51.790396,86,578.81701
-5.221369,45,578.842852
-0.990692,41,578.860604
-8.107535,47,578.887029
-5.505101,47,578.930582
-53.398587,88,578.992453
-54.961235,91,579.038789
-55.541801,90,579.083486
-50.563462,85,579.12651
-53.484853,88,579.172255
-3.965417,43,579.19665
-2.789912,42,579.215077
-54.409259,88,579.261141
-56.082005,93,579.307633
-59.411562,92,579.351281
-2.984908,44,579.374058
-12.301575,48,579.395304
-3.559362,45,579.418747
-44.96837,80,579.478355
-3.640093,42,579.505541
-2.432948,42,579.54941
-9.604996,48,579.570813
-1.920799,42,579.594084
-2.490441,42,579.638295
-56.790015,91,579.704547
-5.816846,43,579.727363
-5.844209,45,579.771988
-64.284311,98,579.840615
-3.198779,42,579.860472
-50.865138,86,579.924059
-59.102029,92,579.971244
-52.659343,87,580.013055
-51.79696,87,580.05775
-54.442188,88,580.10356
0.374895,41,580.126872
-3.50363,43,580.171332
-3.739285,43,580.189901
-46.701801,84,580.233091
-59.693965,94,580.282347
-3.001332,44,580.304364
-3.081983,44,580.34918
-57.632825,91,580.413827
-55.024479,89,580.456734
-2.078687,43,580.480509
-3.377659,42,580.498712
-58.159112,93,580.590976
-54.885066,89,580.63433
-50.059521,84,580.676054
-55.266436,88,580.720206
-53.949087,88,580.762315
-52.17481,86,580.804399
-48.477397,83,580.845632
-60.633806,95,580.893108
-58.42415,94,580.934801
-18.868502,57,580.961063
-3.788063,42,580.978557
-49.268961,85,581.057049
-4.478717,43,581.081677
-5.088071,46,581.126133
-55.210074,89,581.187025
-55.78517,89,581.229829
-55.173169,89,581.272244
-57.462807,90,581.314976
0.307621,41,581.33657
-55.406984,89,581.398794
-2.409045,42,597.784915
-4.688669,43,597.80422
-3.081409,43,597.830449
-55.879475,92,597.895673
-3.443527,42,597.917717
-8.878066,46,597.937881
-55.757664,88,597.981915
-2.704109,43,598.005944
-4.155924,43,598.024822
-3.34141,43,598.049626
-0.887385,41,598.068026
-58.084783,91,598.118476
1.425969,40,598.140597
-6.780248,46,598.161105
-63.420741,93,598.209209
-10.296835,45,598.232434
-4.062708,45,598.252574
-5.029018,42,598.276141
-2.079305,42,598.294671
-2.859369,43,598.320748
-3.614413,43,598.339556
-49.014175,82,598.382412
-3.28925,42,598.409166
-2.870997,42,598.427584
-0.445885,41,598.452866
-3.43363,42,598.471644
-5.004136,44,598.49837
-3.683575,42,598.516976
-4.801624,44,598.542934
-0.76009,41,598.561487
-3.172228,42,598.587477
-0.211894,41,598.605918
-0.629332,41,598.632087
-7.119902,44,598.677631
0.12371,41,598.69563
-4.085183,44,598.721588
-3.520592,42,598.739991
-36.520847,74,598.779862
-56.583727,90,598.832206
-4.759198,43,598.855484
-2.043509,42,598.899162
-5.476806,43,598.918128
-56.342201,89,598.964622
-4.933796,43,598.988342
-2.62152,42,599.032615
-4.096298,43,599.077141
-49.649434,84,599.140648
-40.911623,77,599.181963
-4.311858,43,599.211136
-4.271292,43,599.255814
-4.456519,43,599.274837
-10.392814,49,599.302895
-0.292585,41,599.320918
-59.654806,93,599.366974
-10.115867,49,599.391928
-3.607553,42,599.432794
-46.637568,81,599.494899
-57.184567,90,599.544061
-1.145385,42,599.567005
-6.359662,44,599.586741
-1.833715,42,599.611692
-5.016754,43,599.631111
-51.074021,85,599.675746
-4.630545,43,599.701088
-51.215113,87,599.764973
-1.966691,42,599.78939
-0.297638,41,599.807832
-3.583797,42,599.83372
-1.907814,43,599.878253
-3.443764,42,599.896739
-2.982415,42,599.922057
-3.227741,43,599.941475
-4.031014,43,599.96702
-5.519096,46,599.987245
-54.103026,88,600.031415
-48.444207,83,600.073896
-5.677778,44,600.10138
-5.333788,44,600.121141
-3.146059,43,600.145931
-1.580489,42,600.189482
-2.095817,42,600.207916
-5.573258,46,600.235573
-8.288769,44,600.255046
-54.966931,88,600.298852
-55.33155,90,600.343675
-50.368028,85,600.385973
-8.194435,45,600.412494
-7.344619,44,600.432271
-54.377662,88,600.476592
-4.375314,43,600.500716
0.079617,42,600.519529
-3.09322,42,600.545028
-4.670762,42,600.563435
-51.094591,86,600.609885
-3.535388,43,600.634969
-3.471913,42,600.678655
-4.083525,42,600.696951
-4.980046,43,600.722671
-3.631397,43,600.741038
-4.795437,43,600.766367
-2.843512,45,600.786122
-52.044882,87,600.830119
-5.896999,45,600.85539
-3.48785,42,600.897901
-5.481181,43,600.91674
-58.559869,92,600.964069
-2.846541,44,600.986884
-2.73713,42,601.005646
-65.562204,96,601.099094
-64.442399,97,601.144959
-1.743377,42,601.165119
-2.94561,42,601.183878
-50.09062,85,601.228386
-5.873656,44,601.254466
-2.436233,42,601.297884
-8.84399,48,617.854905
-5.401692,43,617.874371
-0.866778,41,617.89691
-5.007222,44,617.916484
-5.690752,47,617.944033
-3.649977,43,617.963276
-5.680164,43,617.987235
-1.174047,42,618.005961
-4.822765,43,618.033433
-10.168506,48,618.055019
-1.193112,42,618.07794
-0.927648,41,618.096489
-1.841331,42,618.123391
-1.971037,42,618.142491
-55.866775,89,618.189604
-3.159106,44,618.214272
-2.445434,42,618.232757
-1.569702,42,618.257277
-5.051203,43,618.301694
-2.131226,42,618.345398
-6.140857,46,618.365606
-3.197827,42,618.389196
-9.269771,49,618.410776
-2.5418,44,618.434097
-44.574538,81,618.495304
-4.482397,43,618.522268
-2.099962,41,618.540117
-2.310402,42,618.565616
-4.681282,42,618.584132
-6.667321,47,618.61259
-5.374373,45,618.632643
-4.627696,43,618.655659
-5.591139,44,618.674951
-5.969405,46,618.744946
-1.826729,42,618.763433
-1.901119,42,618.787363
-5.928227,45,618.807655
2.113775,39,618.830673
-3.577511,44,618.849899
-3.911799,43,618.876167
-4.527124,46,618.896603
-3.290992,41,618.91913
-7.107194,46,618.939432
-2.513944,42,618.963808
-57.225285,91,619.029793
-5.01334,44,619.052965
-4.381268,43,619.071702
-2.137504,42,619.095733
-4.630179,43,619.115245
-6.217769,46,619.14287
-1.148345,42,619.161275
-48.445186,84,619.203719
-7.700278,45,619.230572
-2.211711,42,619.249176
-1.815929,41,619.273129
-5.602889,42,619.291744
0.403603,41,619.317568
-2.209463,42,619.335825
-3.210179,45,619.362849
-2.326735,42,619.381003
-2.56084,42,619.404673
-0.674235,41,619.44747
-5.11206,44,619.466355
-1.684628,41,619.490198
-2.43745,42,619.508223
-50.454558,87,619.553518
-0.309534,41,619.576983
-7.150108,46,619.596939
-3.490228,42,619.62143
-15.164189,55,619.645702
-2.92066,42,619.665359
-3.241043,44,619.709546
-6.74657,47,619.754412
-4.078918,43,619.772978
-5.812689,44,619.796635
-2.322225,42,619.815165
-46.342434,82,619.856934
-2.119458,41,619.882483
-0.045126,41,619.926404
-67.083097,100,619.996144
-7.242803,48,620.01694
-52.861365,89,620.079267
-52.734059,87,620.123524
-57.595501,92,620.169656
1.130535,40,620.190127
-8.473418,45,620.209743
-3.279313,43,620.234977
0.756869,40,620.251915
-6.704437,45,620.278837
-57.46443,92,620.34285
-1.18521,41,620.363547
-5.105073,46,620.38253
-9.702325,48,620.40773
-1.873962,43,620.425694
-58.656896,93,620.467807
-5.662076,46,620.489567
-4.804964,43,620.507219
-4.481309,43,620.530317
-34.733313,72,620.584182
-6.193275,46,620.615689
-3.068008,44,620.656189
0.14586,42,620.673441
-3.472451,42,620.696476
-3.770391,43,620.714036
1.61794,40,620.736844
-4.262476,43,620.754644
-47.393036,82,620.796389
-1.960056,43,620.822013
-0.46794,41,620.862617
-4.978408,45,620.881354
-7.311382,44,620.905474
-3.056966,42,620.946196
-6.40871,44,620.964488
-56.175633,91,621.008366
-7.691685,48,621.031939
-5.61764,46,621.072994
-0.011344,41,621.089871
2.153342,40,621.112125
-4.579722,44,621.130744
-1.984659,42,621.155014
-1.192178,42,621.172338
-1.295077,41,621.195909
-3.431648,42,621.213183
-50.853244,86,621.255918
-4.886903,46,621.280801
-3.186324,43,621.298559
-57.496407,92,637.7566
-3.01865,44,637.779718
0.431398,41,637.797688
-1.191346,42,637.822421
-3.63635,43,637.841148
-4.78945,45,637.867132
-2.409373,42,637.885151
-9.681002,44,637.909643
-11.240222,49,637.931186
-4.042484,44,637.953376
0.242797,40,637.970853
-3.261372,43,637.996276
-3.21352,42,638.014435
-4.659019,44,638.039599
-7.768151,48,638.060347
-2.711124,42,638.082349
-5.695058,46,638.102633
-1.870577,42,638.125821
-8.347645,48,638.147691
-55.252914,88,638.191442
-2.014599,42,638.215138
-51.119274,86,638.278173
-1.548597,42,638.302569
-9.932544,48,638.323415
-6.053196,46,638.348273
-2.066352,42,638.367224
-1.172884,41,638.390376
-5.041218,44,638.409492
-1.957293,44,638.435014
0.565602,40,638.452409
-5.69364,46,638.479311
0.72934,41,638.496852
-0.18229,40,638.520402
-7.598967,44,638.539192
-2.734028,42,638.564117
-8.580734,47,638.584518
-0.346288,41,638.607208
-7.684412,47,638.627622
-4.101127,42,638.652937
-6.188564,44,638.672611
-5.934684,46,638.698612
-1.88541,42,638.716801
-5.320942,44,638.741504
-4.437653,43,638.760155
-2.664668,42,638.784614
-5.443254,43,638.803446
-6.981771,47,638.830154
-2.63325,42,638.848526
-2.125958,42,638.871383
-6.511938,44,638.890209
-5.084786,43,638.914888
-1.847673,42,638.933348
-4.670458,43,638.958715
-1.751265,42,638.976795
-3.332021,42,639.001385
-3.374725,42,639.044536
-7.297083,47,639.065225
-0.812873,41,639.088317
1.520818,41,639.105999
-3.956824,42,639.131807
-2.590235,42,639.150566
-4.863302,44,639.177061
-7.528008,48,639.197815
-59.669775,95,639.243271
-68.091677,99,639.289307
-9.088183,48,639.310863
-3.325369,44,639.329805
-54.855305,87,639.371283
-8.676509,48,639.397928
-3.080174,44,639.416966
-1.23495,42,639.438633
-2.33869,43,639.457171
-1.985607,42,639.481909
-5.041685,43,639.50042
-3.068371,42,639.524888
-1.956072,42,639.542958
-1.607684,41,639.567544
-6.547045,44,639.586548
-7.342226,43,639.611402
-34.459693,72,639.668574
-2.826672,42,639.699
-0.135247,41,639.716624
-1.091202,41,639.741714
-0.17464,41,639.759609
-5.38064,46,639.787395
-0.108899,41,639.805853
-10.839254,52,639.83483
-2.625339,42,639.85339
-1.912204,44,639.875161
-2.933204,44,639.894199
-2.505715,42,639.91739
-6.958285,45,639.936901
-52.155086,88,639.981206
-1.806549,43,640.004901
-3.126794,43,640.023677
-0.820792,41,640.047396
-5.390385,47,640.067388
-52.185669,85,640.107372
-8.145161,45,640.132184
-9.254308,48,640.152405
-11.082964,50,640.176221
-1.679282,42,640.193425
-5.714451,46,640.215688
-3.138907,42,640.233038
-52.996199,87,640.274415
-5.338657,44,640.29778
-13.136657,49,640.317786
-4.682759,45,640.339267
-2.599744,42,640.356656
-3.408242,43,640.379734
-12.970084,55,640.425875
-2.7849,43,640.443696
-5.992047,43,640.462285
-2.429637,44,640.480348
-3.618373,43,640.503575
-2.571663,44,640.521724
-6.00714,46,640.545731
0.680743,40,640.562007
-0.594275,42,640.584852
-4.983092,43,640.602814
-3.577274,42,640.626257
-2.752627,42,640.643939
-3.555249,42,640.668178
-1.846038,42,640.685673
-5.209227,44,640.710354
-2.545386,42,640.727531
0.429514,40,640.749842
-2.16478,42,640.767347
-5.035479,44,640.793484
-2.526839,42,640.811197
-5.012575,46,640.836107
-5.397055,42,640.875527
-6.97463,47,640.918635
-2.598332,42,640.935918
-1.967414,42,640.957793
-6.829527,44,640.975776
-7.353751,46,641.000355
-7.08102,46,641.019318
-2.653048,43,641.040407
-2.183456,42,641.057546
-3.565157,43,641.081535
0.71964,41,641.122117
-4.816078,46,641.141511
-2.368176,42,657.553074
-5.82823,46,657.573629
-51.864965,85,657.616957
-1.514191,41,657.642159
-5.482825,44,657.661633
-14.570221,52,657.691503
-1.251015,41,657.709815
-5.111474,43,657.731524
-6.719355,45,657.751011
-1.933619,42,657.774831
-6.29441,47,657.795289
-1.132943,41,657.818222
-4.170011,45,657.837886
-4.740428,45,657.863196
-2.929515,42,657.882066
-4.652979,46,657.907837
-4.13141,43,657.926552
-5.205868,46,657.951697
-3.749713,42,657.969995
-8.579779,45,657.995154
-6.818793,44,658.014273
-3.738768,43,658.038817
-4.926415,43,658.05786
-5.689193,45,658.084129
-4.963174,44,658.103964
-2.378464,42,658.127358
-4.532852,45,658.147224
-1.296864,41,658.17133
-5.909464,45,658.191661
-1.603524,41,658.216122
-9.834513,45,658.236076
-4.776406,46,658.262842
-8.115335,47,658.283666
-8.383954,43,658.305714
-15.543782,56,658.33036
-6.202656,43,658.350225
-2.81381,42,658.368685
1.227633,40,658.392915
-2.136131,42,658.411897
-3.499387,45,658.439301
-5.385247,46,658.459686
-0.221628,41,658.481708
-4.376958,45,658.50142
-3.316962,45,658.527561
-2.974989,42,658.546311
-6.88206,47,658.572627
-1.744904,42,658.591119
-0.815707,41,658.613828
-2.568495,42,658.632558
-2.579716,42,658.659953
-8.961015,46,658.68062
-3.109922,42,658.704614
-1.265174,42,658.723002
-3.034722,42,658.748613
-5.496417,46,658.76913
-27.27683,65,658.803714
-3.362541,44,658.838316
-7.45108,46,658.858676
-4.930613,46,658.883393
-10.823645,48,658.904613
-6.715419,47,658.928143
-6.331541,46,658.948312
-5.535611,44,658.971021
-10.840127,49,658.992605
-2.264017,42,659.014066
-7.381146,46,659.034755
-5.972591,46,659.060351
-1.134162,41,659.078464
-2.157533,42,659.102974
-4.172852,45,659.122802
-3.362814,42,659.147377
-3.275872,43,659.166808
-5.007873,46,659.194333
-2.795928,43,659.213458
-4.956097,46,659.239191
-11.277296,49,659.26161
-1.780239,42,659.28279
-2.707195,42,659.301959
-2.954675,42,659.32766
-2.762041,42,659.346071
-8.410794,44,659.37304
-8.511339,47,659.393897
-4.3905,43,659.416709
-9.029055,46,659.437296
-6.581374,44,659.461545
-3.072965,42,659.479837
-2.417735,42,659.504971
-2.00529,41,659.523237
-1.815606,41,659.549406
-8.320279,45,659.569089
-2.731082,42,659.593909
-0.469554,41,659.611881
-36.693098,72,659.652128
-5.52198,45,659.685164
-1.248503,42,659.70357
-5.568258,43,659.728127
-9.449804,47,659.748722
-5.438682,44,659.772949
-4.354185,46,659.793533
-6.736557,45,659.818176
-5.234436,46,659.838614
-5.166555,43,659.861475
-9.675786,48,659.883092
-5.133946,42,659.905618
-6.857046,47,659.926396
-6.909753,44,659.950878
-0.872209,41,659.969096
-4.123595,43,659.994853
-6.144139,46,660.015101
-2.751296,42,660.038472
-5.045165,46,660.058747
-5.044778,44,660.08408
-6.214103,43,660.103298
-4.523377,43,660.128214
-1.64367,41,660.146049
-0.265324,41,660.172232
-4.096032,42,660.190606
-4.135034,43,660.217096
-2.508925,42,660.235809
-6.665108,44,660.26123
-4.716357,43,660.305037
-3.91178,43,660.34814
-7.214331,46,660.36819
-3.470616,45,660.392553
-6.226059,46,660.411948
-0.703218,41,660.433599
-2.783225,43,660.451976
-4.521236,43,660.477181
-10.029493,49,660.522802
-5.649616,43,660.541096
-4.742174,43,660.56318
-6.921142,47,660.583606
-4.869694,45,660.607483
0.65924,41,660.625126
-5.616554,46,660.65116
-12.455383,48,660.672879
-6.772623,47,660.696062
-7.814863,48,660.717079
-7.394233,46,660.73948
-4.044193,42,660.758273
-3.534248,43,660.782398
-1.836281,42,660.800875
-6.862556,47,660.827678
-7.37925,47,660.847915
-3.940312,43,660.869303
-2.681148,41,660.887629
-4.605182,46,660.914531
-2.309311,42,660.956437
-2.699776,44,660.975589
-7.738983,47,661.00229
-3.335078,44,661.02124
-6.20423,45,661.045133
-1.416972,42,661.064046
-0.953562,42,677.474071
-2.035243,42,677.492888
-9.873706,49,677.522117
-5.086863,45,677.54192
-1.317663,42,677.562811
-3.393511,44,677.582304
-4.258433,42,677.606794
-4.654315,43,677.625515
-3.042513,44,677.651196
-1.678335,42,677.669709
-5.625,46,677.69798
-5.387387,46,677.718205
-11.805323,49,677.743063
-2.89041,44,677.762284
-5.008192,45,677.785446
-1.907898,41,677.803437
-3.91288,43,677.828184
-7.354038,44,677.847245
-0.896389,41,677.870824
-0.389608,41,677.88851
-3.612324,44,677.915679
-3.555621,42,677.933923
-0.969285,41,677.958271
-5.540851,44,677.977637
-5.709767,45,678.003614
-2.827509,42,678.021799
-8.686353,47,678.047838
-0.606996,41,678.065648
-3.103492,42,678.089575
-6.946523,47,678.110171
-7.433488,47,678.135409
-3.008765,43,678.154083
-4.796505,45,678.179591
-3.24714,43,678.198377
-4.389079,43,678.223088
-2.50483,42,678.241409
-13.264229,49,678.269641
-8.474532,46,678.289991
-5.837536,43,678.310935
-4.910015,46,678.331054
-8.717732,46,678.355863
-7.413845,46,678.376122
-7.531331,44,678.398767
-4.61022,43,678.417793
-6.406532,45,678.443138
1.467039,40,678.460626
-9.364687,47,678.488118
-8.019233,47,678.508743
-9.873881,47,678.531675
-10.488938,49,678.576035
-1.419339,42,678.616605
-0.159051,40,678.634104
-9.745929,48,678.662883
-7.875501,46,678.684512
-4.639068,44,678.706492
-4.61289,44,678.725846
-2.625122,42,678.749369
-3.341832,42,678.768279
-5.359375,45,678.795153
-10.712062,48,678.816427
-1.528262,41,678.837162
-7.98718,48,678.85824
-9.158149,45,678.882764
-5.827863,43,678.901656
-2.395562,41,678.924844
0.22122,41,678.942667
-1.721811,41,678.968536
-5.911906,46,678.98848
-2.945266,42,679.012344
-2.331328,41,679.030037
-2.437175,42,679.055661
-9.415686,44,679.074672
-6.023445,46,679.100878
-4.924844,42,679.119191
-0.798064,41,679.142182
-10.289245,49,679.16361
-5.757851,45,679.189331
-2.641377,42,679.208118
-7.097864,46,679.233891
-6.260503,46,679.254036
-6.989006,47,679.278505
-8.948699,47,679.299397
-4.909358,43,679.320825
-5.070995,43,679.339566
-8.8586,47,679.3659
-4.705695,43,679.385198
-7.121905,45,679.409268
-5.456282,44,679.428366
-13.657268,50,679.455129
-5.329359,45,679.497
-5.913021,46,679.516963
-4.534226,43,679.539898
-9.213366,47,679.560635
-1.336622,40,679.582427
-1.614073,42,679.600516
-5.292175,43,679.627252
-5.090788,43,679.645846
-3.376874,42,679.670226
-3.149744,42,679.690103
-5.100503,43,679.716514
-11.48428,50,679.73847
-9.056461,47,679.761888
-2.504747,42,679.780206
-9.186095,47,679.805661
-6.731607,45,679.82631
-15.723295,51,679.852261
-10.567116,48,679.894446
-2.248015,43,679.9132
-1.430626,41,679.935455
-5.484487,43,679.954408
-1.338857,43,679.980031
-5.913246,46,679.999999
-6.27705,45,680.024928
-1.759358,41,680.042691
-6.321921,43,680.067426
-1.774836,41,680.085661
-6.749778,43,680.112237
-10.288253,45,680.131687
-3.575219,42,680.155519
-3.470378,42,680.173846
-5.42076,44,680.201486
-2.593101,41,680.219633
-2.595626,42,680.244485
-9.361945,47,680.264949
-7.171901,47,680.291121
-6.452968,47,680.31181
-6.969017,46,680.334282
-9.657932,46,680.354674
-53.461563,88,680.39691
-1.569162,41,680.420073
-2.693203,41,680.437964
-8.595238,47,680.466286
-7.184852,44,680.485564
-5.885214,43,680.508129
-4.288795,42,680.526398
-5.529062,44,680.5522
-1.223446,41,680.570219
-5.452674,44,680.595993
-3.92741,44,680.615664
-4.05494,42,680.639216
-7.265628,46,680.659189
-3.674879,42,680.683359
-5.588486,46,680.703642
-3.879663,46,680.729407
-0.598489,41,680.74734
-3.48246,42,680.771256
-4.251026,45,680.816406
-2.06443,42,680.834642
-7.579874,44,680.859702
-2.24717,42,680.878087
-7.737007,47,680.90486
-5.324062,42,680.923243
-2.809434,44,680.947169
-7.957148,47,680.967568
-2.102769,42,697.453446
-4.10018,42,697.471899
-2.72978,44,697.49911
-2.81791,43,697.542696
-9.063808,47,697.563293
-3.901857,44,697.587073
-6.905453,46,697.607199
-3.596267,42,697.630738
-9.538406,48,697.652224
-5.472381,45,697.676363
-8.157005,46,697.696172
-4.55367,45,697.72059
-3.149324,42,697.73908
-9.257464,46,697.76492
-9.748342,49,697.786607
-4.692984,42,697.807475
-5.086661,45,697.82724
-6.91623,46,697.85339
-8.569599,48,697.874479
-8.999961,47,697.897602
-2.558545,42,697.915912
-0.345732,40,697.938382
-10.460604,48,697.959528
-4.948776,45,697.984626
-4.297087,45,698.004333
-3.555226,42,698.027352
-4.998954,45,698.047144
-4.436365,43,698.071685
-7.951494,47,698.093033
-9.07841,47,698.118243
-3.377624,43,698.137265
-0.958611,40,698.159078
-5.222533,42,698.177439
-3.887636,43,698.204779
-4.829963,46,698.225477
-1.647339,43,698.2494
-7.772198,46,698.269527
-5.249185,45,698.29494
-8.351697,46,698.315902
-4.974673,45,698.339843
-7.289686,43,698.358918
-6.362194,46,698.384345
-8.719324,47,698.404946
0.087239,41,698.425914
-3.715269,45,698.445951
-9.05308,47,698.472661
-11.494882,49,698.494428
-5.756055,46,698.51643
-2.167573,42,698.535139
-6.645027,47,698.56111
-3.919449,45,698.580856
-8.265823,47,698.605628
-5.172731,43,698.624411
-1.206097,41,698.647082
-6.25799,45,698.666345
-1.924801,41,698.690459
-1.822895,41,698.709258
-7.372581,46,698.737913
-5.81497,47,698.758627
-7.066923,47,698.782779
-3.294216,45,698.8028
-9.229754,48,698.827598
-1.838438,41,698.845417
-6.863341,45,698.869798
-8.244941,48,698.890838
-5.247366,46,698.914134
-5.684434,45,698.934035
-8.46511,47,698.958904
-3.594867,41,698.976772
-3.795584,45,699.001823
-5.402182,45,699.021508
-3.402985,42,699.044385
-11.283874,49,699.066206
-5.434621,44,699.089641
-7.02036,43,699.108559
-1.634833,42,699.132559
-3.522222,42,699.15135
-4.520546,42,699.176519
-5.562878,46,699.197076
-5.47542,45,699.222563
-5.82564,45,699.24273
-1.239941,41,699.265543
-7.34265,47,699.286388
-5.596126,44,699.311437
-7.501607,46,699.331909
-7.863887,46,699.356528
-5.181118,46,699.376868
-11.0035,49,699.401882
-8.415569,47,699.422334
-6.804163,47,699.444766
-5.30238,44,699.464461
-3.433816,45,699.488061
-3.459417,43,699.50684
-8.332442,47,699.532665
-3.424696,44,699.551903
-9.112737,49,699.577445
-16.717288,51,699.599383
-2.806873,41,699.617429
0.331266,41,699.63563
-1.872043,41,699.661311
-4.733888,43,699.679991
-2.632884,42,699.705978
-1.971102,44,699.725483
-1.148601,42,699.750111
-6.430208,47,699.770704
-0.878665,42,699.793932
-3.628555,42,699.812856
-7.252588,46,699.840535
-8.006603,48,699.861702
-2.559776,42,699.882971
-6.834993,43,699.902196
-4.305878,45,699.928378
-6.651145,46,699.948673
-2.413047,42,699.971024
-1.533283,41,699.988936
-2.572984,44,700.015507
-2.591254,41,700.033599
-4.703869,43,700.05905
-2.02989,42,700.077477
-24.898058,65,700.112522
-5.488772,45,700.147397
-4.729091,43,700.16626
-4.930901,42,700.190031
-12.23922,48,700.211526
-4.615289,45,700.236195
-10.806012,48,700.257369
-12.310647,50,700.283182
-7.800758,46,700.30364
-8.724637,48,700.326478
-1.203848,41,700.344467
-6.459513,46,700.369632
-7.857504,46,700.38988
-2.777518,42,700.411682
-6.999532,46,700.431767
-0.597266,43,700.455874
-5.590938,43,700.474585
-1.795275,44,700.500561
-1.590574,41,700.518553
-6.173718,46,700.545729
-7.495441,47,700.566383
-7.766143,47,700.590334
-4.403691,42,700.608598
-8.272252,47,700.634132
-7.620718,48,700.655277
-2.618868,44,700.677019
-4.241695,43,700.69624
-8.104197,47,700.723135
-6.014954,47,700.744063
-7.702198,43,700.765555
-9.769238,47,700.787202
2.051305,39,700.809714
-1.055892,41,700.828154
-7.866013,47,700.857728
-1.46747,44,700.87753
-2.464458,42,700.900968
-2.877811,42,700.919556
-6.245118,46,700.946703
-11.040187,48,700.967796
-4.474748,45,717.530529
-3.281135,42,717.549544
-0.478052,41,717.574133
-4.636457,45,717.594027
-3.769968,42,717.618772
-7.584904,45,717.638773
-6.42748,43,717.663718
-5.977303,46,717.684213
-6.230538,44,717.709348
-10.977593,49,717.732479
-7.927629,47,717.756912
-6.924815,47,717.777873
-1.708983,41,717.798457
-9.061932,47,717.819307
-3.558707,45,717.844643
-5.310398,46,717.865522
-4.910844,46,717.890451
-6.569796,47,717.91124
-3.701598,45,717.933932
1.502155,39,717.950885
-2.386443,41,717.976189
-5.408425,45,717.995777
-13.502585,50,718.023988
-2.627954,42,718.04233
-4.808037,43,718.064527
-3.566828,44,718.084229
-6.388419,46,718.110564
-6.397402,47,718.131538
-2.608931,42,718.15387
-7.76371,46,718.174877
-1.792971,41,718.198171
-10.178983,49,718.220763
-6.356433,45,718.2456
-12.786219,49,718.267798
-0.09786,43,718.290129
-5.473593,45,718.310549
-6.825659,48,718.337527
-3.775552,44,718.357472
-5.854117,45,718.380979
-3.754955,45,718.40099
-6.802434,46,718.425699
-2.889033,44,718.445312
-6.637313,45,718.469648
-2.077453,41,718.487905
-6.097226,46,718.514735
-5.609617,46,718.535056
-3.822618,45,718.558444
-7.319781,47,718.579253
-6.067505,45,718.602779
-3.518138,42,718.621123
-3.881941,43,718.645828
-1.887919,42,718.664425
-2.502207,42,718.689254
-4.273295,43,718.707957
-2.822742,43,718.734981
-8.711432,47,718.756226
-8.267735,48,718.782509
-1.8664,41,718.801202
-1.850573,41,718.824462
-8.651724,47,718.845621
-9.868402,49,718.873033
-7.384122,45,718.893136
-6.951067,46,718.916526
-7.936749,47,718.93737
-2.573168,44,718.959924
-8.952145,48,718.981034
-7.927149,48,719.005676
-5.025939,42,719.024546
-5.571899,46,719.049115
-2.396193,44,719.068562
-6.779876,44,719.092344
-3.331782,45,719.112152
-4.202729,42,719.135455
-7.535567,47,719.156366
-2.650971,42,719.179631
-3.548456,41,719.197554
-4.758453,45,719.22646
-9.288918,47,719.247908
-4.713778,42,719.270171
-5.771996,46,719.290749
-6.538151,47,719.31757
-9.792926,49,719.339736
-3.135435,44,719.361106
-7.233675,47,719.381999
-3.791906,43,719.405285
-4.008029,44,719.424553
-8.354808,48,719.451149
-9.25533,48,719.472032
-4.19219,46,719.494114
-2.637473,41,719.512141
-10.186598,47,719.538693
-13.106466,52,719.561631
-10.900092,49,719.583656
-8.213466,46,719.604112
-2.298826,41,719.624501
-5.745371,42,719.642881
-3.761201,43,719.669228
-8.36448,46,719.689584
-15.806916,52,719.717809
1.171179,40,719.736658
-4.332227,44,719.760059
-4.691859,45,719.78022
-3.028458,44,719.804266
-4.171784,42,719.823193
-6.080734,47,719.850345
0.077726,40,719.867693
-2.096762,44,719.89267
-3.120985,43,719.911606
-6.319821,46,719.937763
-3.234226,42,719.956222
-10.186385,47,719.982093
-5.922511,45,720.002195
-3.517388,42,720.024581
-9.014764,48,720.045861
-2.840587,41,720.06825
-5.182352,43,720.087124
-5.07543,45,720.113787
-7.506395,46,720.133851
-7.469592,47,720.158881
-8.168579,47,720.179569
-4.254109,45,720.201898
-5.631322,46,720.223433
-10.71037,50,720.250027
0.110949,41,720.268725
-1.854176,41,720.291199
-5.045062,46,720.312223
-9.011784,48,720.339688
-5.381326,45,720.359673
-6.854693,47,720.383682
-10.445677,49,720.405529
-12.918421,47,720.427811
-1.494875,41,720.445759
-3.352048,45,720.470823
-9.225818,46,720.491436
-5.584187,45,720.515241
-8.095942,47,720.53608
-5.506654,42,720.558115
-9.810104,48,720.579354
-45.97531,82,720.620227
-0.411219,41,720.646044
-1.695409,41,720.66437
-5.93737,46,720.692501
-4.912898,46,720.712599
-2.992973,41,720.735697
-0.127993,41,720.754289
-9.191811,48,720.7837
-4.489859,45,720.803446
-3.054626,43,720.825771
-0.730954,41,720.84378
-4.476449,44,720.870313
-7.367033,46,720.890733
-10.106669,48,720.916804
-10.390903,48,720.937803
-3.288375,45,720.959311
-11.334573,49,720.980605
-3.878348,43,721.002353
-1.868342,41,721.020578
-2.277028,44,721.047063
-5.767541,46,721.067388
-6.74166,46,737.462137
-0.169693,40,737.479637
-3.151125,41,737.504416
1.162592,40,737.522581
-3.554605,41,737.549378
-8.001055,49,737.571077
-2.940805,42,737.594228
-6.215496,46,737.614808
-2.597095,42,737.638458
-1.632903,41,737.656308
-5.485691,46,737.683961
-6.628783,48,737.705291
-7.992956,47,737.72841
-4.26103,41,737.747195
-10.761882,47,737.773377
-3.131055,41,737.790939
-3.342186,41,737.814373
-0.920934,41,737.832163
-3.766514,44,737.859052
-5.179129,46,737.879136
-3.88495,43,737.902607
-8.649856,47,737.922919
0.254259,40,737.944699
-3.315755,42,737.963094
-5.108968,46,737.990751
-1.329962,41,738.008563
-4.558536,45,738.034105
-6.903082,46,738.054165
-5.248304,45,738.07768
-10.150652,48,738.099363
0.976679,40,738.119884
-0.221281,42,738.138369
-6.442368,43,738.165195
-1.893742,42,738.183528
-5.820067,46,738.210424
-0.959856,43,738.229369
-8.432251,46,738.255078
-7.456614,47,738.27581
-5.734701,43,738.298603
-8.344707,42,738.317088
-7.977347,47,738.344908
-1.627682,41,738.362934
-0.028987,41,738.38664
-3.62352,42,738.405446
-8.636481,47,738.434244
-0.525652,41,738.452207
-3.704152,44,738.476676
-1.094031,43,738.495893
-7.60214,47,738.52235
-5.08764,45,738.542086
-4.216364,43,738.564613
-10.223535,49,738.586292
-4.605033,46,738.610377
-2.692067,41,738.628235
-6.331166,45,738.653433
-8.822123,48,738.674209
-1.108606,41,738.695319
-1.710332,41,738.712975
-3.523745,44,738.740592
0.681399,40,738.758296
-7.253177,46,738.786726
-5.948027,47,738.807524
-7.654134,46,738.831324
-6.37295,44,738.850811
-3.104629,45,738.875672
-5.196662,45,738.895736
-3.557225,42,738.918673
-8.022308,46,738.938787
-6.80131,44,738.963713
-9.108857,47,738.983145
-0.92547,41,739.004851
-1.886236,42,739.023285
-5.491566,46,739.05112
-4.356666,46,739.07121
-5.677176,45,739.094508
-2.826184,41,739.112477
-3.198553,42,739.136734
-1.287892,41,739.154843
-2.914197,44,739.181544
-5.194589,42,739.199806
-1.930726,44,739.225186
-11.086752,49,739.248251
-4.919061,43,739.270246
-9.386978,47,739.291765
-6.4975,46,739.316488
-5.912636,45,739.336263
-6.755106,46,739.360739
-8.150932,47,739.381573
-5.395072,42,739.402992
-0.464179,40,739.420245
-4.78312,45,739.447628
-5.882726,46,739.467593
-9.668181,48,739.492435
-0.540347,40,739.509907
-2.493216,45,739.534636
-5.54867,42,739.577021
-1.609467,42,739.595126
-6.434734,46,739.622028
1.774654,40,739.639657
-54.334749,89,739.684486
-7.420691,47,739.709716
-11.14529,48,739.730513
-1.53361,41,739.751872
-5.540581,45,739.771833
-7.50466,44,739.79771
-3.059309,43,739.816741
-56.349672,92,739.863293
-2.563908,45,739.886045
-4.163666,43,739.904698
-1.013116,43,739.928341
-3.432745,41,739.946102
-3.307156,42,739.97122
-4.689272,42,739.989706
-10.032161,47,740.016811
-2.870576,41,740.034498
-7.024502,47,740.060346
-8.729465,47,740.103641
-3.825049,42,740.121794
-5.089745,46,740.151796
-10.575175,48,740.175924
-3.879971,44,740.198054
-1.780079,41,740.216261
-4.092514,46,740.245825
-7.263487,47,740.267528
-13.619401,51,740.293918
-3.158131,44,740.314512
-0.565108,41,740.334905
-3.207353,44,740.35427
-3.798983,45,740.380708
-3.785375,44,740.400528
-1.138192,43,740.424178
-6.430603,43,740.442943
-2.546552,42,740.467407
-3.159796,45,740.487079
-8.295783,48,740.513573
-5.227292,46,740.534171
-1.262837,41,740.554729
-1.207605,42,740.572969
-0.088315,40,740.597932
0.351857,40,740.615755
-4.395874,44,740.643401
-8.005308,48,740.664306
-11.205982,48,740.688616
-8.730961,47,740.70906
-1.331217,41,740.729701
-1.434717,42,740.749574
-3.395518,44,740.776629
-5.538084,46,740.797122
-2.803789,45,740.821534
-6.775482,46,740.841477
-4.819131,42,740.863533
-3.842346,43,740.88229
-2.27666,43,740.907438
-3.246368,42,740.92573
-4.697655,46,740.952434
-4.689534,42,740.970751
2.841775,39,757.49717
-7.457219,47,757.517864
-5.344636,45,757.544446
-4.805384,43,757.563808
-3.95291,42,757.587449
-6.098625,44,757.606836
-4.096393,43,757.632517
-2.231174,43,757.651895
-7.537728,47,757.678514
-1.316594,43,757.697346
-1.006739,41,757.720058
-6.107396,47,757.740613
-2.899308,42,757.765777
-1.282214,40,757.783659
-7.349717,44,757.811716
-5.668945,46,757.832139
-2.258748,41,757.854779
-8.220477,48,757.876217
-3.562723,44,757.900322
-1.72192,41,757.918207
-2.175395,41,757.942786
-1.959872,41,757.960891
0.120515,40,757.986312
-5.343578,43,758.004982
-3.375762,41,758.030878
0.489563,40,758.048636
-3.28763,45,758.076982
-4.315793,45,758.097411
1.388172,40,758.119818
-6.829384,46,758.140012
0.160705,41,758.164111
-2.889403,42,758.182845
-5.082892,46,758.210911
-1.608584,40,758.228603
-5.208878,46,758.254835
0.88675,40,758.273428
-7.00019,45,758.300086
-5.830022,45,758.320194
-2.422957,41,758.342886
-1.205855,44,758.362272
-3.611827,45,758.388659
-4.680979,42,758.407078
-3.233357,42,758.431234
-1.811943,40,758.448978
-2.493139,43,758.476142
-1.56488,41,758.494269
-5.947425,46,758.52152
-3.212627,41,758.539608
-1.966102,42,758.564045
-1.755095,41,758.581932
-2.601739,43,758.608109
0.375284,41,758.626574
-3.382652,44,758.654524
-6.139491,47,758.675242
-7.034053,46,758.69932
-6.47834,45,758.718886
-5.759214,46,758.743765
-1.820647,43,758.763814
-4.031322,44,758.788682
-5.072691,46,758.809865
-3.514681,42,758.83305
-6.034388,46,758.853204
-4.857263,44,758.877568
-6.733129,47,758.898229
-1.700038,42,758.920515
-3.531426,43,758.93944
-0.915736,41,758.964556
-0.236352,40,758.982007
-12.450143,48,759.011765
-3.813931,42,759.030029
-4.896956,45,759.054487
-6.375271,46,759.074949
-7.123475,47,759.099854
-0.703731,40,759.117578
1.386272,39,759.140945
-5.493635,45,759.161157
-5.048147,43,759.187213
-0.841831,42,759.205819
-1.191317,41,759.23067
-5.995717,46,759.251332
-11.30975,49,759.280185
-7.981476,47,759.301582
-3.71239,41,759.322065
-8.802742,43,759.341591
-10.006002,48,759.37012
-5.523076,46,759.390746
-2.272053,42,759.412208
-7.305566,46,759.432932
-2.373183,41,759.456476
-3.388844,41,759.474368
-4.74769,46,759.502731
-7.457506,44,759.522247
-6.261522,45,759.546894
-2.733607,42,759.565847
-0.215827,40,759.589324
-3.37028,44,759.608631
-0.788286,41,759.633958
-1.397057,41,759.652547
0.935296,40,759.678467
-10.058311,48,759.699815
-5.870729,44,759.724351
-5.025707,42,759.7433
-6.565286,45,759.770864
-5.430361,45,759.791302
-0.26477,42,759.815278
-7.689297,45,759.83604
-5.379607,43,759.860992
-4.404206,45,759.880883
-1.219148,43,759.905468
-4.388285,43,759.924476
-7.738547,47,759.951411
-0.067942,41,759.969852
2.418037,39,759.992364
-1.25279,43,760.011548
-5.610937,45,760.039273
-6.023384,44,760.058827
-2.156194,42,760.082511
0.571779,40,760.100073
-6.281722,45,760.127654
-5.869478,45,760.147455
-3.495915,42,760.170459
-3.853178,43,760.189805
0.150582,40,760.214415
-4.273116,44,760.234344
-7.485694,46,760.261997
-3.393384,41,760.281583
-0.868312,43,760.307144
-0.945223,41,760.326486
-1.757741,41,760.352133
-2.980063,44,760.372823
-4.362207,44,760.399695
-0.800649,43,760.418736
-0.860362,43,760.444355
-3.001995,41,760.46286
-0.2136,40,760.488521
-2.414051,41,760.508179
-9.927893,47,760.540562
-2.306592,41,760.55972
-0.814126,41,760.584956
-5.17716,42,760.60462
-12.486349,49,760.634806
-7.245056,43,760.654769
-4.695138,43,760.67793
-5.232198,46,760.699048
-7.713587,45,760.724474
-0.811209,41,760.743335
-3.740449,44,760.769456
-5.790381,46,760.790139
-5.05937,44,760.814685
-6.708744,47,760.835758
-0.811438,40,760.857172
-4.114064,44,760.876675
0.762351,40,760.901741
-4.133909,41,760.919592
-2.359142,41,760.945498
-6.886066,47,760.965684
-10.444368,48,760.992122
-0.94403,41,761.010025
-1.519225,41,761.032872
-6.814222,46,761.053164
-3.866449,43,777.668488
-0.839829,41,777.686785
-5.319247,44,777.713591
-6.011882,42,777.731995
1.607118,40,777.75572
-2.8133,43,777.774686
-8.241525,47,777.802875
-5.21078,44,777.822302
-5.85265,45,777.846651
-1.296091,40,777.864869
-8.078613,48,777.893105
-2.115904,41,777.911302
-6.458308,44,777.935619
-3.325256,42,777.954046
-3.478594,41,777.978822
-8.913714,47,777.999528
0.991913,40,778.022619
-4.82409,44,778.042603
-58.032551,91,778.090188
-4.268403,45,778.114219
-1.503384,41,778.131986
-4.837319,43,778.15697
-6.326201,47,778.177723
-7.367489,46,778.202303
-4.999142,44,778.221747
-2.325815,41,778.244732
-5.709345,46,778.26531
-1.696516,41,778.289669
3.070528,38,778.30689
-3.870383,44,778.335384
2.471199,39,778.353836
-0.922139,42,778.379866
-3.227934,42,778.398481
-3.357056,44,778.425101
-6.36984,44,778.44502
-1.090626,40,778.468054
-4.771769,45,778.488035
-4.305743,43,778.513702
-4.332875,42,778.532441
-4.173323,43,778.557775
-6.286432,44,778.577072
-2.76338,45,778.602663
-6.187943,45,778.622659
-6.058075,46,778.647261
0.422094,40,778.664989
-2.996079,42,778.689707
-4.250458,45,778.709801
-5.568188,44,778.735018
-4.849242,45,778.754746
2.033503,39,778.776759
-4.065964,42,778.795972
-8.279996,47,778.825021
-4.485759,43,778.844002
-2.918086,41,778.867262
0.520217,39,778.884807
-1.577098,41,778.911847
-0.396256,40,778.929417
-13.928358,55,778.963262
-0.13634,40,778.981121
-7.582964,47,779.004164
1.567899,40,779.021623
-2.194329,42,779.045766
-0.694474,41,779.063784
-5.291036,42,779.08967
-9.177245,47,779.11069
-0.797941,40,779.132992
-0.231383,40,779.177119
-7.076365,46,779.197526
-2.895615,41,779.221912
-6.127943,43,779.241114
-2.199688,41,779.266113
-3.546342,44,779.285446
-2.503382,41,779.310793
1.636984,39,779.32799
-0.537854,44,779.356644
-5.20415,46,779.377188
0.486167,40,779.399951
-7.215142,47,779.42094
-0.097991,41,779.444993
-5.854673,46,779.465514
-0.89488,41,779.489894
-6.301421,46,779.510287
-0.53918,40,779.533276
-3.368085,41,779.551155
-5.319857,45,779.5793
-4.349276,44,779.598686
-9.855802,47,779.624349
-0.949144,41,779.64242
-6.614841,46,779.668115
-3.953981,44,779.687476
-37.15242,74,779.7245
-5.360116,45,779.75545
-6.901255,47,779.776248
-3.582425,42,779.798286
-1.284572,43,779.817257
-3.762469,43,779.843795
-0.798023,42,779.863042
-1.041613,43,779.88891
-4.952647,46,779.909559
3.025763,39,779.931936
-9.819953,48,779.953543
-7.343254,45,779.97951
-5.730694,47,780.000771
-4.118513,41,780.022334
-6.30297,46,780.042632
-7.4233,45,780.068373
-3.596633,42,780.086729
-3.559727,42,780.111192
-4.857368,43,780.129981
-9.732167,44,780.155995
-0.854274,40,780.173437
-1.600846,41,780.198483
-3.357725,42,780.216986
-3.48411,43,780.243543
-8.771437,47,780.264278
-6.229601,44,780.288674
-8.83149,47,780.310127
-1.178594,40,780.331634
-3.448346,43,780.350812
-11.305133,46,780.378981
-1.769464,41,780.42146
1.601674,39,780.438866
-4.558348,41,780.465777
-1.612667,41,780.483668
2.015725,40,780.508819
-3.196581,42,780.527081
-6.667838,46,780.555044
-6.158871,45,780.574924
-7.682092,47,780.59944
-0.22641,40,780.617409
-2.864345,41,780.640909
-0.671431,40,780.658572
-4.724628,44,780.686407
-4.853358,42,780.704817
-2.254604,43,780.729868
-0.221949,40,780.747399
-6.074282,43,780.773865
-4.884519,42,780.792534
0.883773,39,780.816298
0.632971,40,780.833757
-3.53186,44,780.862751
0.082791,41,780.881058
-3.461908,44,780.90701
-4.516568,42,780.925478
-6.226134,45,780.952232
-5.531601,46,780.972636
-5.866219,45,780.996635
-7.731513,45,781.016469
-8.194113,47,781.041511
-3.829459,45,781.084956
-2.959085,41,781.103165
-0.357468,40,781.12719
-3.03653,44,781.146546
-12.58755,48,781.174971
0.341098,40,781.193146
0.071089,40,797.512071
-4.374385,42,797.531268
-1.157623,42,797.55801
-2.487537,41,797.576163
-6.481461,46,797.603957
-6.197179,46,797.623973
-3.01198,42,797.645995
-4.180182,42,797.664513
-3.555579,45,797.691247
-2.654564,43,797.710373
-5.919568,46,797.735512
-1.311735,41,797.753446
-0.410955,42,797.777407
-5.732937,45,797.797069
-1.271101,40,797.82002
0.882926,40,797.837336
2.288167,39,797.863159
-0.749303,40,797.881352
-7.587722,46,797.911175
-2.466535,43,797.930035
-1.237949,42,797.953557
-6.806375,46,797.973846
-2.597799,45,797.998796
-4.882594,45,798.018347
0.785384,39,798.039531
-11.484599,49,798.061323
-5.054414,44,798.08536
-1.875741,41,798.103857
-5.402317,45,798.130365
-0.70465,43,798.149094
-3.198762,43,798.172722
0.300845,40,798.190164
-3.424052,41,798.215489
2.316033,40,798.23273
-1.892114,42,798.259184
-2.732268,43,798.277828
-8.09556,43,798.304053
-3.827841,43,798.322969
-3.421787,43,798.348014
-0.923694,43,798.366574
-1.798122,41,798.391194
-4.392336,45,798.411553
-5.949109,45,798.437105
-5.843865,46,798.457237
-2.896119,41,798.479151
-3.619364,44,798.498669
-3.874677,44,798.524148
-7.594571,47,798.544587
-0.995631,41,798.566103
-5.979253,46,798.586051
-3.211355,44,798.61137
0.824976,40,798.628803
-3.8976,44,798.655071
-2.137476,41,798.673166
-3.241815,44,798.699139
-1.939114,41,798.716839
-5.027395,45,798.743244
-4.793013,45,798.762568
-10.458467,48,798.78798
-6.455671,46,798.808604
-2.964752,41,798.828986
-5.277451,46,798.849194
-3.688268,45,798.874784
-1.161356,41,798.893069
-0.578043,40,798.916932
-9.736023,48,798.938055
-8.501592,46,798.963368
-7.259471,46,798.983522
0.658834,40,799.004444
-6.732117,46,799.024473
-2.877868,43,799.049246
-5.859775,45,799.068564
-0.994573,40,799.090978
-3.238014,44,799.110068
-7.562327,46,799.136943
-6.46256,46,799.156877
-4.203408,45,799.180085
-12.652188,49,799.201474
-5.416143,45,799.223576
-1.896559,41,799.241413
-3.953837,45,799.26735
0.652457,40,799.284765
0.488198,40,799.309532
-1.195665,44,799.328491
-2.505321,41,799.35323
-8.232771,47,799.374391
-12.254206,49,799.401607
-0.296664,43,799.420484
-4.07626,45,799.443687
-2.95709,44,799.463076
-2.925156,44,799.486781
-6.794452,46,799.506646
-3.136919,45,799.530548
-0.179617,42,799.54918
-4.878052,45,799.574459
-3.676603,42,799.592793
-0.228113,42,799.616588
-0.205984,40,799.633898
-7.990766,47,799.662192
-2.006684,41,799.679735
-3.435589,43,799.703554
0.166338,40,799.720725
-1.579267,41,799.745971
-1.295638,43,799.764575
-5.134788,45,799.790799
-1.712986,41,799.808835
1.915156,39,799.832521
-1.297304,41,799.850699
-2.964131,43,799.878157
-2.168803,42,799.896579
-4.382858,45,799.923144
-0.112315,40,799.940222
-3.295877,42,799.965343
-8.349621,47,799.985678
-0.948284,42,800.00919
-4.324381,45,800.028932
-6.544489,46,800.05466
-5.47119,45,800.074174
-2.844598,41,800.096303
-2.235127,41,800.113927
-6.826465,47,800.142395
-7.597074,43,800.160976
-3.846109,44,800.18449
-4.689836,45,800.204362
-2.07953,41,800.226906
0.091502,41,800.244675
-7.312196,46,800.272282
-0.150332,40,800.289792
2.508867,40,800.314197
-5.342993,46,800.334514
-2.973231,44,800.359954
-3.188322,44,800.379412
-3.390935,43,800.404187
-5.222279,46,800.424106
-3.66441,45,800.448554
-2.798615,41,800.466593
-1.012676,41,800.490144
-6.789024,46,800.510169
-5.432788,44,800.534761
-7.071059,45,800.554271
-2.513868,41,800.576841
-2.791973,42,800.594943
-3.678578,45,800.621802
-10.585763,48,800.642841
-0.035268,40,800.664029
-5.822111,46,800.683802
-4.563,44,800.708698
-6.524299,46,800.728715
-3.476405,43,800.752065
-4.048828,44,800.771151
-3.019018,44,800.795949
-1.733005,42,800.814286
-11.582587,48,800.840981
-8.151038,46,800.860859
-1.284967,42,800.88232
-7.769862,46,800.90267
-2.118834,41,800.925895
-3.893873,42,800.944106
-6.419827,45,800.97104
-8.500586,47,800.991075
-6.246966,46,817.531297
-1.564735,44,817.550599
2.320929,40,817.573161
-0.991272,42,817.591504
-2.559585,45,817.619175
-2.372062,41,817.637566
-1.906731,41,817.662359
-3.21764,43,817.706716
-1.037288,41,817.724605
-2.481819,42,817.750193
-4.142452,44,817.769564
0.609736,40,817.793572
-5.539343,45,817.813571
0.720706,40,817.837577
-2.601331,45,817.857604
-3.288091,41,817.882107
0.057237,40,817.900054
1.080703,40,817.926346
-4.603164,44,817.945723
-1.718013,43,817.971481
-7.405603,47,817.992043
0.984374,40,818.014371
-2.861412,43,818.033248
0.738045,40,818.057835
-5.540251,46,818.078098
0.357517,40,818.101736
-1.386693,41,818.119992
-7.794034,47,818.148907
-1.692012,43,818.167876
-3.546638,44,818.191423
-9.749452,48,818.212331
-4.432565,45,818.235587
0.868389,40,818.252977
-0.968692,42,818.277672
-2.425447,41,818.295741
-6.014306,45,818.323265
1.09282,39,818.340235
-0.684934,42,818.365547
1.020472,40,818.3828
-3.267033,45,818.410955
-2.331432,44,818.430638
0.25927,40,818.452948
-3.916805,44,818.472219
-6.19768,45,818.4987
-3.016934,43,818.517526
1.831335,40,818.540085
-4.30278,41,818.557994
-5.869269,46,818.586236
0.064461,40,818.603721
-0.37379,40,818.627436
-0.562915,41,818.646354
-1.324899,43,818.673462
-4.416766,46,818.693615
-3.429926,45,818.718345
0.086737,40,818.736185
-3.909641,44,818.761898
-4.923082,44,818.781051
0.31802,43,818.805406
1.263036,39,818.822619
-1.049395,41,818.849021
-2.872199,42,818.867653
2.42876,39,818.892209
-0.268297,40,818.910018
-5.710354,44,818.938991
-0.305176,43,818.957932
2.983923,39,818.980632
-0.975421,41,818.998904
-4.480951,45,819.027513
-3.111979,44,819.046794
-0.966842,43,819.070508
-0.843315,42,819.088816
-3.587541,43,819.114177
-0.862919,43,819.132928
-3.38123,43,819.157624
-3.850433,43,819.176814
-8.619382,46,819.202942
-2.504119,41,819.221344
-2.099171,43,819.246145
1.027415,40,819.263711
-0.751062,43,819.289776
-2.086625,43,819.309478
-9.428519,48,819.337299
-3.59261,42,819.355621
-0.374339,41,819.377843
-6.5747,46,819.39856
-0.990621,41,819.422233
0.034901,41,819.440291
0.58562,40,819.466104
-4.086924,43,819.511352
0.85358,40,819.528747
-4.804073,45,819.55582
-3.928989,45,819.575503
-1.608097,41,819.597701
0.937889,40,819.615693
1.327238,40,819.641933
-0.84691,41,819.660429
-1.196874,41,819.686687
0.497432,40,819.704076
-7.228798,46,819.732528
1.906565,39,819.749347
-3.546293,45,819.775219
-2.945601,43,819.793885
-3.598461,43,819.817872
-6.109375,46,819.838389
-6.946671,46,819.863674
-5.071414,45,819.88314
-6.604885,46,819.907808
-0.105968,40,819.925802
-2.975632,44,819.951234
1.011657,40,819.968642
-2.844451,43,819.994084
-4.976909,45,820.013691
-7.748494,46,820.038966
-1.441582,42,820.057609
-7.735079,44,820.082196
-0.238014,40,820.099363
-5.399403,45,820.125926
-1.420796,41,820.14375
-1.962553,42,820.16794
-0.208565,40,820.185226
-4.351855,44,820.211946
-0.499861,40,820.229376
0.730667,40,820.253467
-3.11954,44,820.272502
0.401604,40,820.297328
-0.30235,41,820.31566
-6.947457,47,820.34456
-2.724002,44,820.36363
-0.442028,40,820.384809
-3.132674,42,820.402915
-0.602064,41,820.427543
-3.250376,45,820.446346
-3.475376,41,820.469036
1.247189,40,820.48549
-6.847311,47,820.512779
-0.242192,40,820.529293
0.62967,39,820.55067
-0.534024,42,820.567956
-3.115453,41,820.592566
-5.148997,45,820.611052
-0.955551,41,820.633767
-5.459631,45,820.652254
0.40873,39,820.674024
0.479648,40,820.690696
-1.993702,41,820.716516
-5.897948,45,820.735113
-1.597414,41,820.75773
-3.238071,44,820.775929
-1.369518,43,820.800601
-5.510179,46,820.819636
-52.286363,87,820.860543
-4.150094,45,820.88447
-4.626136,46,820.903895
-6.780372,47,820.927349
-2.459218,42,820.944896
-1.152135,41,820.966294
1.902132,39,820.98235
2.300071,39,837.269714
-1.026979,42,837.289262
-0.020725,40,837.316697
-0.653993,40,837.334587
-3.370509,44,837.362749
-3.79168,44,837.382117
1.093918,40,837.404936
0.277094,40,837.423112
-4.481431,46,837.452034
1.812972,40,837.469569
-0.952748,42,837.494037
-2.703833,43,837.512763
-4.335873,46,837.53923
3.270804,39,837.556298
-1.621669,44,837.582048
-3.889983,44,837.601208
0.84414,40,837.623797
-3.186673,41,837.641418
-5.358093,46,837.669595
0.578966,40,837.687419
-3.743015,42,837.71453
-0.989832,43,837.735623
-4.406154,45,837.768582
-3.892919,46,837.791152
-10.709171,48,837.81817
-1.302438,42,837.837364
-6.483622,45,837.863501
-2.12085,41,837.884682
0.142172,41,837.911332
-0.325466,41,837.929907
-3.479508,42,837.956967
-1.349836,42,837.975675
0.575638,40,838.000185
-0.829366,42,838.018572
-0.42899,40,838.044495
-2.870206,45,838.063568
-3.054163,43,838.088765
-0.392363,42,838.107282
-1.089984,42,838.132854
1.642796,42,838.151865
-6.025785,46,838.180051
-3.680903,46,838.202267
-5.271988,46,838.226955
-6.673652,44,838.247538
-1.347214,41,838.271152
2.92786,39,838.28899
2.531887,39,838.316216
-3.123594,44,838.335864
-6.036223,46,838.364411
-9.3257,47,838.385523
-2.643254,44,838.409182
-3.053926,43,838.427838
-6.422921,45,838.453141
-0.767623,41,838.471698
-3.722556,45,838.497283
-2.411568,43,838.515929
0.011786,40,838.538122
-5.313575,45,838.557371
-4.177746,45,838.583231
-3.545329,44,838.601998
-7.326571,46,838.626401
2.065695,39,838.643288
-4.58112,45,838.669069
2.015397,39,838.685681
-2.91345,42,838.710339
-0.115486,42,838.728477
-0.936992,42,838.753419
0.862949,40,838.770464
-4.788711,44,838.797374
-6.275503,45,838.816991
-3.438771,44,838.840489
2.472953,39,838.857224
-0.581517,42,838.883595
-3.797499,46,838.904385
-0.316089,42,838.929667
-3.671393,45,838.949834
-3.579688,41,838.973502
-1.746835,41,838.991247
-7.78457,46,839.019633
-5.147078,45,839.039237
2.018925,39,839.060226
-2.82093,43,839.080103
-2.360085,41,839.105924
-0.046965,42,839.124496
-0.027251,40,839.149327
2.695104,39,839.166362
-3.49192,45,839.194863
-2.828939,44,839.21392
-5.872547,45,839.238401
-3.427954,43,839.257812
0.98195,40,839.281937
-1.039856,42,839.302125
-3.463817,45,839.332052
3.236566,39,839.35032
-2.289607,41,839.377043
-5.734588,46,839.397252
-2.919514,43,839.421683
-3.931599,43,839.44097
-0.414559,40,839.46633
-3.300368,41,839.485133
-1.393536,41,839.513213
-0.871863,42,839.532288
-3.606437,45,839.560306
-6.261162,46,839.581146
-3.518541,45,839.605644
-2.433712,41,839.62393
2.382628,39,839.646965
-6.694748,46,839.666962
-0.807556,40,839.690988
0.81916,40,839.708372
-2.987744,41,839.734574
-5.312229,45,839.753327
-1.425101,44,839.778004
0.318123,42,839.796672
-2.562721,41,839.821228
1.219668,39,839.838642
-0.95019,41,839.865158
-0.089777,41,839.88259
-6.125305,44,839.908876
1.247802,39,839.925801
-2.598087,42,839.951192
1.010707,40,839.968433
-7.64154,47,839.996281
-2.310853,41,840.013746
-3.211932,44,840.036931
-2.27161,43,840.055017
-4.880654,45,840.079129
-6.436261,46,840.098524
-3.683723,44,840.120657
-4.734975,45,840.139503
-4.548646,46,840.16319
-3.327005,45,840.181841
-7.002367,46,840.204747
-0.324767,40,840.22154
-2.686046,43,840.245214
-0.450585,41,840.262306
-1.679678,43,840.286917
-0.998384,41,840.304275
-10.309811,48,840.331199
-3.543227,45,840.349864
-1.443297,43,840.371278
-1.233335,42,840.389017
0.667903,39,840.411901
-3.243855,42,840.429713
-0.726959,41,840.454831
-1.564477,41,840.471926
-1.944858,42,840.496677
-0.229814,41,840.513618
-1.923371,44,840.539086
-5.953122,46,840.558141
-5.692445,45,840.580913
-1.97873,43,840.598632
-0.963588,42,840.62113
1.34807,39,840.637259
-3.157055,45,840.663672
-4.86148,45,840.682329
-4.94823,44,840.704671
-2.748969,43,840.722794
-0.423642,40,840.744841
0.680729,40,840.761482
-1.600397,43,857.248988
-9.772206,47,857.269373
-7.772955,46,857.294204
3.660812,38,857.311204
0.49343,40,857.336135
-5.410383,46,857.356387
-4.186823,45,857.382011
-4.035207,44,857.401176
4.452692,38,857.4223
-3.730251,46,857.442421
-0.325733,39,857.466801
4.02281,38,857.483154
-2.16668,41,857.511106
-1.751852,43,857.529838
-8.743809,47,857.556971
3.500713,38,857.573461
-9.225326,46,857.600065
1.435206,40,857.617303
-0.16759,40,857.641049
-3.401166,45,857.660863
-3.685506,45,857.687487
-3.080605,44,857.706749
-2.558747,44,857.730807
-0.858658,42,857.749218
-4.11952,43,857.773588
-3.69859,43,857.792681
-5.342508,45,857.818
2.149337,39,857.834779
-9.137361,47,857.862429
4.397175,38,857.878769
0.780373,39,857.901869
-4.68689,43,857.920503
1.292928,39,857.945333
2.30528,39,857.962081
-3.555701,43,858.033444
0.866717,40,858.050615
-5.214049,43,858.076674
-3.251863,43,858.095579
1.4137,39,858.119238
-8.954838,47,858.139405
-2.743495,44,858.16428
-4.143905,46,858.184531
-3.460299,44,858.208388
-3.611437,45,858.227869
-2.524721,42,858.251454
-2.231301,42,858.269742
-3.612611,43,858.29506
-2.340875,40,858.312609
-0.84708,41,858.337754
-3.524183,43,858.35625
-1.12362,41,858.38119
-5.948731,46,858.40103
-3.401985,44,858.425509
-3.185255,41,858.443213
-1.089216,40,858.466695
-3.915854,45,858.48608
2.647879,39,858.509357
1.816768,39,858.526457
-4.698914,45,858.555198
-3.951089,44,858.574088
-6.675804,45,858.598192
-0.544878,40,858.615672
-3.545887,41,858.640043
-0.653504,43,858.658609
-4.137025,46,858.686316
-3.366163,44,858.70529
-3.974609,44,858.728966
-5.186999,45,858.7492
0.282865,40,858.771493
-4.440866,46,858.792036
-3.302937,43,858.816667
-7.30855,47,858.83713
-5.972494,45,858.861332
-6.511228,47,858.881643
2.532628,41,858.902683
-3.327327,44,858.921543
-1.787143,41,858.945441
2.056109,42,858.963627
0.870694,40,858.987964
-1.204117,41,859.00559
-3.696312,43,859.032339
-4.089212,42,859.05059
-0.902104,40,859.075083
-0.304355,41,859.09359
-2.256408,44,859.121413
-3.180512,44,859.141162
-1.031989,42,859.164976
-4.104787,44,859.184705
1.856204,39,859.208068
-1.421015,43,859.227236
-0.975322,43,859.254472
-1.919051,43,859.273466
-6.551867,45,859.299106
-0.786961,42,859.318296
-4.794928,45,859.343868
-0.484272,42,859.362735
-4.362016,45,859.388155
-3.861249,42,859.406618
-3.288286,42,859.430511
1.187935,39,859.447248
-0.506834,41,859.4732
0.322681,41,859.491078
-3.547027,43,859.517722
-3.137934,44,859.537287
-4.288209,42,859.5609
-3.621894,43,859.579518
0.077174,42,859.604456
-1.751641,43,859.623081
-1.313601,41,859.64752
-10.109575,47,859.667966
-4.931168,45,859.693111
2.622138,39,859.710144
-0.292269,43,859.735772
-2.868761,44,859.755093
-8.234123,47,859.781369
1.555288,40,859.798805
-1.365238,41,859.822298
-3.146407,45,859.842201
-0.936837,40,859.865915
-5.454354,46,859.885753
-2.185879,42,859.90999
1.39078,39,859.9269
-0.674864,42,859.954076
-2.265979,41,859.972047
-0.2645,40,859.997803
-2.335475,43,860.016912
-3.123438,43,860.043251
-0.263844,41,860.061374
-3.595312,42,860.086914
-3.65049,44,860.10633
-4.082344,45,860.132364
-3.084021,44,860.152037
-3.404171,45,860.177347
-1.813531,41,860.195541
-6.937287,46,860.222355
0.004711,42,860.241319
-5.826531,45,860.266985
-6.731045,47,860.287591
-3.290351,43,860.310698
-4.783326,44,860.330474
-4.900467,46,860.356629
-1.071053,43,860.37549
-1.258564,44,860.399951
-3.157971,45,860.419582
-4.208259,44,860.443961
-3.494881,45,860.463975
-0.859252,40,860.486536
-8.109049,48,860.507763
0.163818,40,860.530544
-5.864402,46,860.551213
-3.770353,44,860.577055
0.505728,42,860.595456
-5.626304,44,860.621804
-2.367749,41,860.639979
-3.339573,45,860.666696
-2.965732,43,860.686743
-2.899532,41,860.710264
-0.149753,41,860.72848
-8.822211,46,877.127952
-1.669291,43,877.147971
-0.895326,42,877.172414
-3.949761,43,877.191631
-3.720943,43,877.21783
-0.138316,42,877.236473
-4.122822,45,877.263293
0.135448,40,877.28107
-0.786115,40,877.30596
-0.995019,43,877.325281
-6.037415,42,877.351056
-4.18024,46,877.371593
2.261556,39,877.394086
0.33826,42,877.412643
1.35245,41,877.438834
-6.300262,44,877.45836
-1.493744,40,877.482911
-5.740428,45,877.502602
0.967458,39,877.526832
-5.070202,43,877.546359
1.712135,40,877.571692
1.978946,39,877.588918
1.802631,39,877.615319
0.654824,40,877.633469
-4.442977,44,877.662827
-3.989592,44,877.682733
-2.48276,42,877.706812
-0.258894,41,877.72576
-2.650833,40,877.751205
-0.163007,42,877.769889
-1.295651,42,877.796532
-3.387021,41,877.814953
-3.311077,41,877.840199
-4.577367,45,877.860062
-0.990427,43,877.885582
0.177652,40,877.90303
-2.567073,44,877.930025
-0.986282,42,877.948542
2.934533,39,877.971946
-3.281018,41,877.990167
-4.103471,44,878.018335
-3.60117,44,878.038062
-2.8556,42,878.061743
2.233764,39,878.079051
-0.797499,42,878.106207
-8.335833,47,878.127487
-1.871445,41,878.15043
-3.462712,44,878.169796
-7.608642,46,878.197127
-4.171365,45,878.217104
0.168376,40,878.239218
-1.714158,43,878.330485
-8.057584,46,878.350586
-4.549784,41,878.373564
-2.632731,44,878.393014
2.044865,39,878.416656
-0.88921,42,878.435084
-8.135252,46,878.463678
-0.448672,40,878.481185
-0.316785,40,878.505213
0.148241,40,878.522771
-0.903228,43,878.550692
2.345415,39,878.56763
-3.985623,44,878.594791
-5.898298,45,878.614481
-1.617133,43,878.638701
-0.864303,42,878.657577
-4.080766,45,878.684203
0.692597,39,878.701896
-0.447262,39,878.726275
-3.32977,44,878.745984
0.181241,39,878.771332
0.43472,40,878.789172
1.957387,39,878.817052
-0.778219,40,878.835183
-3.176614,44,878.864017
1.610663,39,878.88123
-0.228951,41,878.90695
-0.149465,41,878.92492
-4.321482,44,878.952217
-1.98829,43,878.971116
2.305867,39,878.994256
1.086455,41,879.012238
-2.579544,44,879.040359
-3.458878,44,879.060396
-2.872514,44,879.085473
-5.428129,41,879.103442
-2.730172,44,879.129266
-5.499506,45,879.149484
3.321274,39,879.171436
-1.976314,44,879.191022
-5.91396,46,879.21934
-4.734479,45,879.239703
1.126521,40,879.261419
-0.982005,40,879.278847
-3.069034,43,879.306828
-3.869238,45,879.326852
-0.319455,42,879.350265
-0.154033,40,879.367748
1.676,40,879.393364
0.336742,42,879.411932
1.542175,40,879.437317
-1.611423,40,879.454822
-0.913254,42,879.481927
-2.340682,45,879.502135
-0.874408,42,879.526626
-0.747791,43,879.545715
-0.028345,40,879.569907
0.631783,40,879.587586
0.050034,40,879.614011
-3.260321,44,879.633805
0.701705,40,879.658645
-3.950596,44,879.678443
-4.824328,45,879.706337
-2.834217,43,879.725427
-1.377577,41,879.749391
-5.116063,46,879.76976
-6.311538,46,879.796402
-3.943638,43,879.815346
-4.375371,41,879.838781
-2.480852,45,879.858902
2.443553,39,879.882162
-1.993979,40,879.900081
-2.557871,44,879.928488
-3.441017,43,879.947663
-0.145498,39,879.970438
-0.087684,42,879.989194
1.4209,39,880.014752
-0.60418,43,880.033761
-5.084366,45,880.061824
3.481298,38,880.078755
-5.101755,45,880.105926
-3.411237,45,880.125564
0.104181,42,880.148664
-0.526137,41,880.16678
-1.915213,42,880.192761
-9.07016,47,880.213448
-0.48116,42,880.236632
-2.169357,43,880.254524
-2.676195,44,880.280509
-0.647045,42,880.299236
-3.956258,45,880.32589
2.422138,39,880.343047
-3.236544,44,880.369632
-1.054675,41,880.38778
-0.772475,42,880.413055
-2.777113,43,880.43176
-0.815067,42,880.456794
-1.732036,41,880.474823
-6.979398,44,880.502102
-6.946835,44,880.521959
0.243115,40,880.545664
-6.575303,45,880.565471
0.016178,43,880.591218
-2.663892,41,880.609429
-0.1146,42,880.635064
-1.411463,41,880.653064
0.604928,40,897.060662
-3.395752,44,897.079959
-4.012589,43,897.106677
2.699584,40,897.12417
-1.01256,41,897.149551
-2.953178,44,897.168541
0.693412,40,897.192558
-1.348169,40,897.210128
-3.956088,43,897.237589
-0.584387,40,897.255002
-5.112103,45,897.282231
-2.28991,43,897.300938
-3.708341,44,897.326672
1.867955,39,897.343912
-3.078406,44,897.370852
-4.037617,45,897.390746
-3.453065,43,897.414557
0.138871,42,897.432937
-0.069514,43,897.458361
0.831359,40,897.475809
-2.073104,44,897.503848
-10.935092,47,897.524489
-0.534373,40,897.546709
3.038443,39,897.563879
-0.381314,39,897.590425
0.105597,39,897.607352
-1.763,44,897.636136
-1.466389,44,897.655275
2.477885,40,897.677927
0.326268,40,897.695451
0.519026,39,897.721123
-4.059804,45,897.740996
-2.662719,44,897.767299
-4.390216,44,897.786583
0.495259,40,897.809524
-4.125244,43,897.828489
-2.86063,43,897.854665
-4.485644,46,897.874841
-0.564252,40,897.897198
-0.696844,41,897.915096
1.637733,41,897.941056
0.187435,40,897.958539
-6.467882,44,897.986044
-1.032206,42,898.005209
2.646973,39,898.028874
-2.76216,41,898.046907
-1.435283,42,898.073856
-4.33665,46,898.094575
-1.012808,43,898.119123
-3.330922,43,898.137821
-3.009427,43,898.162894
0.330891,39,898.179842
-2.453427,43,898.206485
-0.017761,41,898.224822
-6.033505,45,898.251665
-8.45739,46,898.271624
-9.645476,45,898.295383
-3.650923,45,898.314693
-1.431143,41,898.337264
-5.375245,45,898.356922
1.404664,40,898.380636
-0.497256,40,898.398105
-0.993989,40,898.423988
2.68182,39,898.441171
-4.462253,44,898.46942
-3.882218,44,898.488539
-0.431673,42,898.512915
-1.790613,42,898.53141
-0.637209,40,898.556033
3.484188,39,898.572975
-2.69108,43,898.600929
-2.744396,43,898.620054
-5.185767,43,898.645275
0.309971,42,898.663625
0.402225,40,898.687269
-0.080298,43,898.705986
-3.871029,43,898.732531
-1.097377,43,898.751285
-3.330603,44,898.776638
-0.967521,43,898.795629
0.408757,40,898.818622
1.401833,41,898.836506
2.402697,39,898.862186
-1.088359,42,898.880852
-0.849625,42,898.907472
-2.374603,41,898.925274
-2.156269,43,898.951464
-5.877485,45,898.971062
-0.904437,41,898.99421
-0.406945,40,899.012361
-2.737718,44,899.039984
-0.523626,40,899.057713
-2.344849,40,899.082379
-3.37422,45,899.102625
0.284669,40,899.126627
-3.939618,44,899.145815
-3.061268,45,899.172117
4.817441,38,899.188622
-1.116573,43,899.215101
1.638502,39,899.232109
-2.920818,44,899.25966
-0.16095,42,899.277832
2.265719,41,899.30177
0.598275,39,899.319092
2.359655,40,899.34603
-3.798107,44,899.36518
2.199023,41,899.390445
-6.197826,46,899.410611
-0.830204,41,899.433842
-7.962239,47,899.454246
-4.138965,44,899.478701
-4.354692,43,899.497682
0.021653,39,899.521378
1.72593,39,899.538437
2.035545,39,899.56494
-2.024898,44,899.584187
-8.933685,46,899.611699
-3.382375,45,899.63123
-1.754441,43,899.654299
-5.960139,46,899.674271
-0.204476,40,899.69669
-6.919858,44,899.715938
-1.175398,42,899.741588
-4.492873,46,899.761906
-0.797547,41,899.784889
1.958478,39,899.801908
1.389127,41,899.828358
-1.817142,42,899.847227
-3.27073,43,899.873585
-0.464006,42,899.891966
3.035756,38,899.915139
-3.644437,43,899.933713
-1.406299,42,899.960407
-5.065197,45,899.97998
1.277678,41,900.003884
-0.259085,40,900.021815
-2.320345,41,900.048126
-5.67841,45,900.06793
2.741411,38,900.091125
-3.12735,44,900.110683
-5.129586,45,900.137856
-4.961384,46,900.158049
-7.935206,44,900.181206
0.464063,40,900.198699
-0.70572,42,900.223622
-3.406158,43,900.24226
-2.14386,42,900.311586
-5.670983,45,900.331416
-3.96783,41,900.35505
-0.904227,43,900.373591
-0.523673,42,900.39918
1.81368,39,900.41605
-7.829025,45,900.444137
-5.681847,46,900.464153
-0.578942,40,900.485332
-1.417025,42,900.504114
-3.684609,40,900.530045
-1.403245,44,900.549395
-0.631002,44,917.202024
-4.396659,44,917.221341
-0.812099,44,917.245839
-1.203097,42,917.264473
1.931201,39,917.288243
0.571699,40,917.305973
-1.069497,40,917.333921
-2.732165,43,917.353064
-1.122647,42,917.37886
-0.984504,42,917.397257
1.867453,39,917.421088
-1.293983,42,917.439614
0.803135,40,917.465959
3.828783,39,917.483577
-5.310399,46,917.513502
-1.470795,43,917.533519
0.417205,39,917.556254
-3.164452,44,917.575808
-0.916086,43,917.603062
-0.073863,42,917.621482
0.29088,40,917.646422
1.192735,40,917.66423
-4.925282,46,917.694004
1.017014,42,917.712678
1.601116,39,917.735521
-1.523514,42,917.754415
-0.477393,42,917.781699
-2.732574,40,917.799695
-1.54677,43,917.827227
1.024996,39,917.845128
-2.687253,41,917.871872
-0.596712,42,917.891361
-0.466205,43,917.917963
0.690501,40,917.93569
2.097947,41,917.961635
-8.362042,46,917.982311
-2.650765,40,918.00594
-1.094019,43,918.025558
0.59971,40,918.05131
0.097552,42,918.069956
-3.117264,44,918.097559
2.119617,41,918.116099
-3.366391,42,918.141947
1.292154,41,918.160134
2.392997,39,918.185061
-3.537713,43,918.203936
-4.240536,46,918.232623
-2.216122,42,918.251291
1.076343,40,918.274983
-5.051486,44,918.294842
0.636054,40,918.319788
-0.166842,42,918.338788
0.38969,40,918.364488
-0.55819,41,918.382798
0.68431,42,918.410467
-3.111697,45,918.430445
-2.604843,41,918.454377
-5.683672,45,918.474578
1.176157,41,918.499139
-1.097193,42,918.518071
-4.9333,45,918.545971
-4.321301,45,918.566001
2.272778,39,918.587768
-2.973195,44,918.607327
-1.213658,45,918.635294
-0.567695,40,918.652955
0.235266,40,918.677499
1.616548,40,918.695285
0.373103,40,918.722458
3.405614,38,918.73928
-4.869658,45,918.769067
-5.384869,46,918.789529
-7.48881,44,918.813806
2.878595,38,918.83096
-2.755054,44,918.858392
-0.016634,40,918.876046
-0.9695,42,918.901898
-0.657752,43,918.921576
-1.474389,42,918.94678
-1.602837,40,918.964518
2.337527,39,918.989968
-4.012408,44,919.036887
-1.207942,43,919.055974
-1.504179,42,919.080347
-0.08407,40,919.097992
1.083865,40,919.123414
1.151899,40,919.140854
-3.009237,44,919.168406
-4.246129,43,919.187175
-0.321292,41,919.210613
-4.969645,44,919.229835
-2.25069,41,919.254201
-3.409431,43,919.272979
-3.54601,41,919.297889
-3.1072,44,919.317542
0.617265,40,919.34175
-5.42862,44,919.361062
-2.992382,41,919.38577
-6.642452,41,919.403601
-1.277218,40,919.428682
3.209,39,919.445386
-0.682076,43,919.473255
1.004647,40,919.490425
-1.245768,40,919.514832
-3.226442,44,919.533899
1.923637,39,919.557674
-0.808939,44,919.576804
-2.973915,45,919.603621
0.025284,40,919.621292
-6.624064,44,919.646809
-3.144801,44,919.665747
2.957898,39,919.687819
-4.29943,44,919.707142
-0.305382,39,919.731488
2.692292,39,919.748224
2.353186,39,919.774637
-0.687307,39,919.791537
0.851309,39,919.818277
-0.941701,43,919.837138
-1.952311,42,919.863516
1.756749,41,919.88125
2.472755,40,919.905818
2.339723,39,919.922916
-0.564962,42,919.950659
-1.902495,42,919.969501
-0.478163,40,919.993588
-4.389332,43,920.012243
-3.104306,43,920.037953
-3.241922,45,920.057944
-2.874576,41,920.081084
-1.626623,42,920.09937
-4.133652,45,920.126782
-1.43387,41,920.144667
-5.040976,43,920.169628
-1.08658,44,920.188981
-3.104666,44,920.214561
1.076383,41,920.232517
-6.350233,46,920.258979
0.523087,40,920.276528
-5.002195,44,920.301838
-3.337969,44,920.321295
-0.206205,42,920.345359
-1.529823,40,920.36261
-2.66071,43,920.389271
2.998917,38,920.405687
0.465692,39,920.431176
2.444417,39,920.448068
1.464239,39,920.474324
-4.058732,45,920.49403
-1.474579,42,920.519342
4.176196,38,920.535926
-0.333204,42,920.562981
1.904244,39,920.580013
-3.613323,44,920.607292
0.597014,39,920.624549
-3.435314,45,920.651442
-8.053094,46,920.671468
-3.025381,44,937.183482
-1.440739,43,937.20296
-4.090097,44,937.22953
1.028786,39,937.247898
-0.610851,42,937.27493
-5.401537,45,937.295365
-0.447749,39,937.319318
-2.722897,44,937.339472
-5.903935,45,937.367984
-1.834053,43,937.387498
-2.527688,40,937.411897
1.959229,41,937.430715
-2.139614,43,937.459435
-4.235981,45,937.479949
0.572116,42,937.549988
1.343875,40,937.568527
2.858269,39,937.594321
-3.879302,44,937.614237
-0.106631,40,937.639668
-3.228963,43,937.658747
-3.517802,44,937.687399
-3.939995,45,937.709257
-4.381525,45,937.736675
-3.420531,45,937.757559
-9.240402,46,937.783173
1.928959,41,937.802088
-5.662394,45,937.828855
3.358896,39,937.846524
-3.535968,45,937.873115
2.817368,39,937.889891
-1.213969,40,937.914467
-8.384238,47,937.935694
1.421351,41,937.961161
-3.409388,44,937.986573
-4.662633,45,938.032938
-0.554085,43,938.067237
-1.542259,41,938.106547
-4.321531,43,938.132745
-5.186411,45,938.161779
-1.418688,44,938.182257
-1.559441,43,938.207062
3.976186,38,938.224927
-2.747942,44,938.253729
-3.053571,44,938.273164
1.791765,41,938.296154
0.179537,40,938.313431
-3.588549,43,938.341462
-5.113981,44,938.360823
2.058665,39,938.383602
-3.865561,45,938.404578
0.785659,39,938.430099
-2.928141,44,938.451782
-0.264908,40,938.47941
3.104081,38,938.497499
-1.262926,42,938.527879
-1.642916,44,938.549348
0.939303,40,938.575016
-0.519071,41,938.59393
0.170096,40,938.621119
-3.25351,44,938.64219
-3.532461,44,938.671293
-3.127934,40,938.68896
-1.097287,40,938.714332
-5.434771,45,938.734505
-1.312694,44,938.761693
3.616348,39,938.779377
1.834945,42,938.806074
-2.39222,41,938.824415
-0.776521,43,938.851336
-0.590186,42,938.870183
-3.945293,45,938.896337
0.813931,41,938.914228
1.869873,39,938.93882
1.581105,39,938.957451
-3.747866,45,938.989148
-0.83073,42,939.008801
1.165408,42,939.034722
-0.67941,43,939.05535
-1.093739,41,939.081466
-0.352887,40,939.099266
2.329302,38,939.124531
2.902934,39,939.142586
-3.960254,45,939.173034
-2.225256,41,939.191152
-1.111343,42,939.215747
1.847178,42,939.234143
-1.706804,43,939.2605
2.992974,39,939.277977
-1.392424,40,939.304064
-4.97979,43,939.323272
-4.306553,45,939.352021
-7.372246,47,939.372944
-4.830059,45,939.39691
-3.845557,45,939.41656
-7.837072,47,939.441681
-1.085294,43,939.460424
4.354325,38,939.48153
-0.940093,40,939.498891
-1.990293,43,939.527415
1.832271,41,939.546148
-0.460783,43,939.572464
-1.74555,40,939.590471
-1.343969,42,939.617988
-2.49005,44,939.638673
-1.398517,44,939.665752
-6.221259,44,939.68645
-2.032089,44,939.712513
-2.440301,41,939.731534
2.517252,40,939.75755
-1.52633,42,939.777563
-4.671628,44,939.806505
-4.709709,43,939.826609
2.463297,39,939.851114
-0.884718,43,939.870673
-1.860219,41,939.897169
-6.779764,45,939.917587
-1.119988,42,939.942956
-4.649838,45,939.96348
1.658376,39,939.986955
3.205333,39,940.004616
-2.586959,45,940.035199
-0.993056,41,940.053843
-1.064222,43,940.080033
2.155168,39,940.097939
-1.104458,43,940.126317
0.341798,40,940.145263
-4.754063,44,940.173281
2.143113,41,940.191885
-2.528639,43,940.219376
2.588746,39,940.236949
-4.848206,44,940.26433
4.432712,38,940.281065
-0.24283,40,940.306791
1.51718,39,940.325105
-1.909305,42,940.353594
-3.30242,44,940.373195
-1.648688,43,940.399473
2.671004,39,940.417576
1.029445,39,940.443733
-0.706479,41,940.462823
-3.197856,43,940.491828
-2.408858,44,940.511349
-1.009402,42,940.536212
0.785563,42,940.555523
1.71096,41,940.582137
-1.18187,42,940.601199
-3.50499,44,940.628999
-0.674587,42,940.648917
-4.265625,44,940.676729
-3.484894,44,940.69778
-3.303937,44,940.724025
0.743521,41,940.743064
-3.645145,44,940.77108
-0.620939,42,940.790634
-3.97268,43,940.81716
-1.904525,43,940.837081
2.874123,39,940.861271
-2.913585,44,940.882068
1.739113,39,957.67887
-5.423356,45,957.698697
1.191557,40,957.723515
-3.478814,45,957.743262
0.949245,41,957.767954
4.028571,39,957.785262
-0.540668,44,957.813376
-3.132586,43,957.832229
2.200209,38,957.854366
1.688977,39,957.871569
-1.145751,40,957.899382
-2.821797,43,957.918253
-3.264785,44,957.944872
3.315015,39,957.961897
1.325357,40,957.986817
-1.598457,42,958.005075
2.028522,41,958.030764
-1.422365,40,958.04809
-1.730508,40,958.073877
0.017678,43,958.092578
-4.346329,44,958.119652
-4.621088,43,958.138727
4.898522,38,958.162027
-4.677196,45,958.181756
3.169547,38,958.206274
-0.864317,42,958.22456
-1.461289,43,958.252268
0.54831,41,958.270342
-4.91948,45,958.297091
-1.064537,42,958.315531
-0.017327,42,958.340493
-3.530879,45,958.360144
2.8955,39,958.382634
-1.78452,43,958.401386
-5.289629,45,958.429201
0.52942,41,958.446961
-2.260364,43,958.472421
-0.339426,42,958.490992
-3.347363,43,958.516428
2.292213,39,958.533355
-2.806408,41,958.558427
1.455389,39,958.575183
0.062126,41,958.602136
0.227274,39,958.618908
-3.270172,45,958.647297
-0.410088,40,958.665023
-0.84182,40,958.689711
-9.91366,46,958.710168
-5.94843,45,958.736525
-5.744153,45,958.756771
-2.401447,42,958.780278
-2.097175,42,958.799329
-7.348482,47,958.827825
-1.445937,42,958.846044
-0.975187,43,958.869703
-3.584465,44,958.888664
-8.085092,46,958.91391
3.097413,39,958.93056
-4.299898,44,958.955772
-0.996035,42,958.973779
-4.12031,43,958.998199
3.148198,38,959.014351
-0.724622,42,959.039992
-0.026324,43,959.058276
0.15189,42,959.082162
-0.814937,42,959.09973
0.608029,42,959.123919
0.617478,42,959.141419
-3.213716,44,959.16679
-0.994994,42,959.184609
-3.109287,44,959.209606
-4.536975,46,959.229055
-5.900038,45,959.252481
1.526756,39,959.269127
-5.560648,44,959.294473
0.259959,42,959.312613
-0.739805,42,959.337039
-1.047546,42,959.355439
-0.811328,43,959.380788
1.103858,41,959.398289
-3.075889,43,959.423716
-1.193226,40,959.440826
1.074014,39,959.46567
2.246768,41,959.484303
0.939485,40,959.5113
-0.49626,42,959.530436
-1.364698,43,959.558454
-1.835354,42,959.577444
-6.388034,45,959.604169
1.922831,40,959.622558
-3.479931,43,959.648584
1.711297,39,959.666135
-3.491577,44,959.69394
2.313077,39,959.711925
-2.090541,44,959.740064
2.400573,41,959.758449
-2.950273,44,959.785784
-0.827158,43,959.805475
-0.772216,42,959.830884
2.290962,39,959.848817
-1.030929,42,959.876368
2.167086,41,959.894992
0.792669,39,959.920192
-0.438946,43,959.939841
3.100103,39,959.96568
0.149542,43,959.985444
0.192915,40,960.011779
2.209166,39,960.029409
-3.628121,45,960.05989
-3.199775,44,960.079845
0.320452,40,960.102808
-2.969832,44,960.122833
1.660838,39,960.147463
0.046761,39,960.164694
-0.373668,40,960.19224
-0.085359,42,960.21079
-0.887811,41,960.237025
1.837777,39,960.254496
-4.482814,44,960.282979
-7.520017,45,960.303653
1.289415,40,960.326965
-1.930346,44,960.347006
-2.118579,43,960.374427
-3.168041,44,960.394051
4.9289,38,960.416326
-0.854324,43,960.435333
-4.660538,44,960.463324
-2.193208,44,960.482851
-0.377842,42,960.507262
-1.862508,44,960.527069
-3.693774,45,960.553708
1.113432,39,960.571004
-0.224392,43,960.597229
2.944377,39,960.614533
0.045967,42,960.641412
-0.167451,43,960.660349
0.081199,42,960.685874
-2.754757,44,960.70531
-5.308544,45,960.731227
-0.441038,40,960.748617
-3.733272,44,960.774626
1.402957,40,960.792255
-4.079674,46,960.820194
-2.861662,44,960.840216
0.373201,40,960.861723
-4.575716,46,960.881906
-0.654127,43,960.907102
1.72095,39,960.924323
-6.395398,42,960.951312
0.66714,40,960.969176
2.103813,39,960.995252
-1.147695,43,961.014801
-1.542074,43,961.044091
1.694689,41,961.063434
2.782565,41,961.09059
1.593006,39,961.108994
-4.16731,41,961.137678
-4.327818,45,961.158164
4.638641,38,977.864613
-0.68319,42,977.883213
4.565596,38,977.909392
-0.500127,43,977.928681
-1.430941,42,977.955688
-6.618847,45,977.975565
1.487805,39,977.998971
0.849073,39,978.01599
-0.931102,42,978.044094
0.690242,41,978.062048
-4.564244,43,978.093191
0.626502,40,978.111172
-3.650384,43,978.140395
-3.011754,44,978.160204
0.108707,42,978.185336
1.736502,39,978.202936
1.982382,39,978.228593
1.713357,39,978.246469
3.577146,38,978.272593
-3.849652,45,978.292532
-2.946585,44,978.319336
-4.333918,44,978.338981
1.032205,40,978.361498
-1.064634,42,978.379674
-2.867403,44,978.406332
-0.60288,43,978.424809
3.596534,39,978.447081
-0.709828,42,978.465394
-0.375931,42,978.491538
-5.250873,45,978.510674
2.655755,39,978.53179
-2.440179,43,978.54938
0.427492,39,978.572883
0.174338,40,978.590034
3.482201,40,978.616196
-2.392428,43,978.633903
0.128454,42,978.658366
-0.98979,42,978.675611
-4.501236,45,978.700902
-1.338906,42,978.718343
-2.370828,42,978.741183
-2.448163,43,978.759034
2.828911,38,978.781086
-1.492814,42,978.798455
-3.812967,43,978.824585
2.450357,39,978.840479
-3.502206,44,978.866359
-3.900067,43,978.884313
2.172605,39,978.905699
-1.326645,40,978.922011
1.790908,42,978.948312
-0.677718,40,978.964641
-0.729213,42,978.989204
1.99914,41,979.006092
-3.340558,43,979.030668
4.19423,39,979.046593
-1.233859,42,979.071404
-2.24157,44,979.090364
-0.165694,40,979.112308
-3.150197,44,979.131227
-0.976227,42,979.156261
-3.584248,45,979.176598
2.827917,38,979.199255
3.740927,38,979.215999
-0.422719,40,979.243625
-2.661404,44,979.262919
-1.515892,42,979.288532
-0.083633,40,979.305924
-5.558789,45,979.333672
0.741258,39,979.350781
0.843565,40,979.374843
-1.325767,42,979.392786
-2.869041,44,979.419175
1.066649,39,979.435779
-7.357662,46,979.46297
-3.837541,44,979.482029
-1.545362,43,979.505242
0.298323,43,979.523906
3.952728,39,979.546844
1.660239,39,979.563412
-2.574015,43,979.592237
1.687568,39,979.609139
-2.96514,44,979.636018
-5.375579,45,979.65539
-3.310601,45,979.679578
-0.703621,43,979.698074
3.711416,39,979.719987
-4.503474,45,979.739218
0.014381,40,979.764221
-2.410816,44,979.783618
-0.209991,43,979.809548
-3.474576,45,979.829117
-0.611611,42,979.852873
1.319892,39,979.870137
2.028366,39,979.895535
-3.835588,44,979.914545
2.198206,39,979.938457
-5.583677,45,979.95774
2.264492,38,979.979802
-1.394943,42,979.99713
-3.175133,42,980.022342
0.138491,40,980.038767
-4.50349,45,980.064738
-3.697626,46,980.083828
-0.386923,39,980.104939
3.156245,38,980.121065
-1.179659,43,980.148209
0.92291,39,980.164097
-0.955599,43,980.189049
1.87605,41,980.205925
-0.849505,42,980.22972
0.954672,42,980.247187
-3.841069,44,980.271954
-0.507558,42,980.289042
1.635486,39,980.310728
-4.609004,46,980.32981
-1.437165,42,980.353412
2.356277,41,980.370139
0.665886,41,980.394125
2.539229,39,980.410188
-2.433148,43,980.436365
-0.448206,43,980.453975
0.731017,43,980.477357
1.598718,39,980.493199
-2.271411,44,980.518861
-0.507845,42,980.536039
2.146584,39,980.557778
-1.872154,41,980.574521
2.167162,38,980.599268
1.897668,39,980.61575
-4.110876,45,980.64503
-5.120053,45,980.664478
-3.168948,45,980.688197
-6.853911,47,980.708856
3.62011,39,980.72905
2.640302,39,980.745921
-4.088003,44,980.774782
2.228866,40,980.791896
-0.678758,42,980.817235
-2.084137,43,980.83567
1.242846,41,980.859939
1.148377,39,980.876708
0.705082,42,980.903267
-0.466567,43,980.921913
-0.924873,42,980.946419
-1.489957,42,980.964362
-3.473802,44,980.990253
1.12067,42,981.008821
-0.781551,42,981.033773
-1.535811,43,981.052537
-2.784408,43,981.077905
-1.054536,42,981.096399
1.780531,39,981.120246
2.445231,39,981.136867
2.588965,39,981.162924
3.759908,39,981.180001
-0.849603,42,981.207492
1.166413,40,981.224144
1.138624,39,981.247552
2.946646,39,981.263695
